"session_id","user_id","username","time_spent","death_count","max_checkpoint","completed_numeric","completed","end_reason","map_id","created_at","efficiency_score","survival_score","progress_score","skill_score"
"a574d7e6-25a8-4f73-a146-46975068de94","USER_17","Player_17",857,8,5,1,True,"summit",1,"2025-01-01 21:26:56.301079","0.2858","0.84","1","0.7086"
"064ff446-e89d-47fa-ab44-3bf7411fe2c0","USER_12","Player_12",243,21,3,0,False,"exit",1,"2025-01-01 23:08:42.35288","0.4785","0.58","0.6","0.5528"
"4479cacb-6493-464c-a6dc-a733010b43df","USER_21","Player_21",353,18,3,0,False,"exit",1,"2025-01-02 00:44:27.09982","0.4235","0.64","0.6","0.5545"
"2d3b506a-75b7-47dc-bc6d-794a5a7ee7cb","USER_23","Player_23",888,22,4,0,False,"exit",1,"2025-01-04 02:21:30.013338","0.208","0.56","0.8","0.5227"
"a962b8ee-cc15-4df5-8e2c-74ff155df16d","USER_20","Player_20",227,23,3,0,False,"exit",1,"2025-01-04 03:10:31.126145","0.4865","0.54","0.6","0.5422"
"2d2b296e-b86c-40ad-9a4c-7023e2c65f85","USER_35","Player_35",202,6,2,0,False,"exit",1,"2025-01-04 05:33:44.412809","0.3327","0.88","0.4","0.5376"
"94a95f37-73fe-4fb0-a1e0-a2406a5809f7","USER_24","Player_24",604,7,2,0,False,"exit",1,"2025-01-04 06:55:41.935232","0.1987","0.86","0.4","0.4862"
"6256a06f-a245-41b2-9eb6-36200ff052d5","USER_23","Player_23",1013,21,2,0,False,"unknown",1,"2025-01-04 07:25:47.313853","0.0623","0.58","0.4","0.3474"
"b70dd1f8-0938-4d65-9678-ec371d3cb7f3","USER_42","Player_42",199,6,1,0,False,"exit",1,"2025-01-04 21:23:27.607389","0.1668","0.88","0.2","0.4156"
"796df4b7-4d38-47c2-bd06-a9b6218b4c18","USER_28","Player_28",587,24,5,1,True,"summit",1,"2025-01-05 07:08:27.508459","0.5108","0.52","1","0.6769"
"78686d34-0fcb-44d0-b816-f99c285aa37b","USER_22","Player_22",576,24,4,0,False,"exit",1,"2025-01-05 09:02:33.151517","0.416","0.52","0.8","0.5787"
"4a4ae6ad-257c-4f03-ba6a-f9a134f56e68","USER_48","Player_48",173,15,1,0,False,"exit",1,"2025-01-05 21:56:15.370597","0.1712","0.7","0.2","0.3571"
"088d82b9-6e3b-4ec0-b9ad-8ebd33e3bde1","USER_7","Player_7",319,0,3,0,False,"exit",1,"2025-01-05 22:09:29.482764","0.4405","1","0.6","0.6802"
"753c34dd-b44f-4bd2-a67e-38f3057e0062","USER_12","Player_12",526,14,1,0,False,"exit",1,"2025-01-06 04:22:53.548977","0.1123","0.72","0.2","0.3441"
"e4908f93-713d-4b2b-8a51-12483a2fe9eb","USER_37","Player_37",360,6,4,0,False,"exit",1,"2025-01-06 07:30:00.69492","0.56","0.88","0.8","0.7467"
"f095e716-6946-4f46-9fe9-1ae80badd8ea","USER_49","Player_49",411,21,5,1,True,"summit",1,"2025-01-06 17:34:07.01646","0.6575","0.58","1","0.7458"
"b78c09c2-eefb-4564-bc23-612e0155ddbb","USER_50","Player_50",474,13,4,0,False,"exit",1,"2025-01-07 01:52:57.759986","0.484","0.74","0.8","0.6747"
"8eb0632c-e796-4dfe-b85d-e2e2378b399f","USER_44","Player_44",1174,13,4,0,False,"unknown",1,"2025-01-07 12:58:07.454336","0.0173","0.74","0.8","0.5191"
"8a1add56-c510-4d22-bfac-d528624ed276","USER_13","Player_13",379,32,4,0,False,"failed",1,"2025-01-08 05:11:57.882883","0.5473","0.36","0.8","0.5691"
"b46c8409-14b2-42ba-8267-e1305a7e8d08","3257447993","Clamsxeny",276,23,4,0,False,"exit",1,"2025-01-08 07:18:53.269172","0.616","0.54","0.8","0.652"
"ed2d5a96-b6d3-4f73-a7ac-20ebc84a916e","USER_45","Player_45",413,36,3,0,False,"failed",1,"2025-01-08 08:12:07.165302","0.3935","0.28","0.6","0.4245"
"99f1f825-8775-4a93-bd8b-a8192481a0f1","USER_43","Player_43",242,4,4,0,False,"exit",1,"2025-01-08 09:46:11.918801","0.6387","0.92","0.8","0.7862"
"ff389d5e-10ec-4edd-a7d3-df7bb0c28e2e","USER_17","Player_17",165,25,5,1,True,"summit",1,"2025-01-08 16:38:39.462126","0.8625","0.5","1","0.7875"
"4cdcca61-eac2-4cac-923b-d2b73b922897","USER_42","Player_42",234,10,4,0,False,"exit",1,"2025-01-08 23:38:28.43902","0.644","0.8","0.8","0.748"
"1adaa16a-7186-448b-82f2-6ee437519314","USER_39","Player_39",1044,42,5,1,True,"summit",1,"2025-01-09 10:46:19.691231","0.13","0.16","1","0.43"
"9845eb29-e053-4435-a4b3-59920e8fc27d","USER_12","Player_12",64,22,2,0,False,"exit",1,"2025-01-09 11:30:16.166264","0.3787","0.56","0.4","0.4462"
"02d83960-fa4b-4803-8132-d9ba679493a8","USER_34","Player_34",845,36,4,0,False,"failed",1,"2025-01-09 13:29:15.928011","0.2367","0.28","0.8","0.4389"
"ebeebf6d-d873-4fd7-9bfe-7368d5a70d61","USER_18","Player_18",877,16,2,0,False,"exit",1,"2025-01-09 20:39:40.482969","0.1077","0.68","0.4","0.3959"
"8c933d90-32db-423d-a700-3be3abcb3bbe","USER_47","Player_47",382,12,3,0,False,"exit",1,"2025-01-10 00:37:38.574287","0.409","0.76","0.6","0.5897"
"bca7ccf9-b827-4667-8298-4d8bd3f9bb47","USER_24","Player_24",227,12,3,0,False,"exit",1,"2025-01-10 09:14:59.026406","0.4865","0.76","0.6","0.6155"
"65d7ade2-6634-41e2-942c-9eab10800f96","USER_10","Player_10",289,46,4,0,False,"failed",1,"2025-01-10 14:28:06.962175","0.6073","0.08","0.8","0.4958"
"673904ee-7078-42d7-ab9a-bcdc314810dd","USER_18","Player_18",394,8,4,0,False,"exit",1,"2025-01-11 05:56:19.456877","0.5373","0.84","0.8","0.7258"
"e3744d5b-db7b-4675-b376-54925d64c38b","USER_14","Player_14",253,17,2,0,False,"exit",1,"2025-01-12 03:55:22.536745","0.3157","0.66","0.4","0.4586"
"7ba650a0-a188-44d9-b51a-ad07a5e160bf","USER_16","Player_16",1102,37,5,1,True,"summit",1,"2025-01-12 04:56:48.529296","0.0817","0.26","1","0.4472"
"9539326e-744f-4885-b32b-0921fdfbb7c2","USER_44","Player_44",403,18,2,0,False,"exit",1,"2025-01-12 14:18:45.69376","0.2657","0.64","0.4","0.4352"
"cd21f617-d79b-44d6-bc7d-6298dcbbfe96","USER_34","Player_34",215,6,1,0,False,"exit",1,"2025-01-12 20:08:26.82918","0.1642","0.88","0.2","0.4147"
"4e9d1ec8-3dd5-4a57-ae1a-8d56650fc01f","USER_41","Player_41",630,12,4,0,False,"exit",1,"2025-01-13 04:31:50.737877","0.38","0.76","0.8","0.6467"
"a6d412e6-95c8-4cf8-9a8a-25c2df71ad39","USER_2","Player_2",102,14,3,0,False,"exit",1,"2025-01-13 07:00:40.334385","0.549","0.72","0.6","0.623"
"d22293d4-8429-47b5-bd7f-f37ae29eee7e","USER_10","Player_10",235,4,4,0,False,"exit",1,"2025-01-13 08:55:34.111903","0.6433","0.92","0.8","0.7878"
"5627a086-6c04-4dc0-8365-a9adfad387f0","USER_11","Player_11",124,1,2,0,False,"exit",1,"2025-01-13 12:49:16.043348","0.3587","0.98","0.4","0.5796"
"25afcc58-de2e-4ee1-a6b3-799f91482ee2","USER_11","Player_11",891,17,3,0,False,"exit",1,"2025-01-13 22:11:37.797845","0.1545","0.66","0.6","0.4715"
"5d9d995d-848b-496e-abba-2bb54cc06305","USER_10","Player_10",132,7,1,0,False,"exit",1,"2025-01-14 05:15:56.967934","0.178","0.86","0.2","0.4127"
"72a5c280-e470-48f6-b02e-8f2b41a6df8d","USER_7","Player_7",616,9,4,0,False,"exit",1,"2025-01-15 04:08:56.070576","0.3893","0.82","0.8","0.6698"
"1fee71a2-950d-4c51-9c27-9a49018c9d6b","USER_47","Player_47",477,8,3,0,False,"exit",1,"2025-01-15 15:01:28.109008","0.3615","0.84","0.6","0.6005"
"8e399ad8-fa2a-4586-9b89-02d0ae37a5e0","USER_31","Player_31",698,6,3,0,False,"exit",1,"2025-01-15 23:23:49.356356","0.251","0.88","0.6","0.577"
"c5bc8687-f4e2-42ca-a75f-1b31163e9393","3257447993","Clamsxeny",893,24,4,0,False,"exit",1,"2025-01-16 01:45:43.197928","0.2047","0.52","0.8","0.5082"
"5b03c127-4fe9-42f2-aea5-c35895b82a00","USER_43","Player_43",330,9,4,0,False,"exit",1,"2025-01-16 05:02:26.30249","0.58","0.82","0.8","0.7333"
"3f736a23-1cb0-49c2-987f-89c5f3e767b0","USER_14","Player_14",256,10,3,0,False,"exit",1,"2025-01-16 08:02:14.800633","0.472","0.8","0.6","0.624"
"ba256cfb-5a4f-4008-aa5e-5be6f72e580f","USER_20","Player_20",325,35,2,0,False,"failed",1,"2025-01-16 09:55:40.034844","0.2917","0.3","0.4","0.3306"
"dcc5bedd-6c3b-4007-9bca-f2ed19826797","USER_16","Player_16",561,1,2,0,False,"exit",1,"2025-01-17 09:01:05.20487","0.213","0.98","0.4","0.531"
"36c3d4e9-54c4-4e83-be7b-a5800456f9c6","3257447993","Clamsxeny",132,10,1,0,False,"exit",1,"2025-01-17 18:39:18.69244","0.178","0.8","0.2","0.3927"
"f60ad8fc-db97-4b23-bf73-7097d51ddf0b","3257447993","Clamsxeny",316,44,1,0,False,"failed",1,"2025-01-18 04:11:01.039226","0.1473","0.12","0.2","0.1558"
"4c473c1a-9853-454c-8f71-7485941d9b9c","USER_36","Player_36",402,23,3,0,False,"exit",1,"2025-01-19 05:35:53.018915","0.399","0.54","0.6","0.513"
"258146f9-a64f-46ec-8e60-3998c1bb6dac","USER_14","Player_14",581,26,4,0,False,"failed",1,"2025-01-19 06:27:39.821661","0.4127","0.48","0.8","0.5642"
"fd2a8807-5b24-4984-9be4-6d8e7401528f","USER_14","Player_14",830,17,3,0,False,"exit",1,"2025-01-19 09:28:16.40419","0.185","0.66","0.6","0.4817"
"a0d2b62e-d64a-4342-a543-2fd9655f191a","USER_4","Player_4",209,9,4,0,False,"exit",1,"2025-01-19 19:02:07.869563","0.6607","0.82","0.8","0.7602"
"0f6d1447-3344-4a4e-9233-da0c39836f05","USER_20","Player_20",568,46,3,0,False,"failed",1,"2025-01-20 12:17:49.810858","0.316","0.08","0.6","0.332"
"3df7d163-bb61-4720-be1b-0692cb2dd4fa","USER_2","Player_2",773,24,2,0,False,"exit",1,"2025-01-21 01:40:06.884921","0.1423","0.52","0.4","0.3541"
"27739561-3af6-4143-8d58-527a11cfab8b","USER_33","Player_33",690,25,1,0,False,"failed",1,"2025-01-21 06:25:54.694572","0.085","0.5","0.2","0.2617"
"0081edf7-f933-48a0-9b8c-247238d67867","USER_20","Player_20",406,5,2,0,False,"exit",1,"2025-01-21 22:10:45.676167","0.2647","0.9","0.4","0.5216"
"e05ea752-bf8f-4e38-b3a2-3ba6bcb53b45","USER_48","Player_48",983,45,4,0,False,"failed",1,"2025-01-22 01:47:53.551295","0.1447","0.1","0.8","0.3482"
"b9dd0648-2622-4729-b10d-873dbf065f98","USER_34","Player_34",589,27,4,0,False,"failed",1,"2025-01-22 05:21:56.797128","0.4073","0.46","0.8","0.5558"
"a79a6603-33cd-410f-81f1-2a700d9709e6","USER_33","Player_33",509,20,2,0,False,"exit",1,"2025-01-22 16:56:27.988511","0.2303","0.6","0.4","0.4101"
"635b54d1-d41e-4dde-b550-c4e6cfe1a342","USER_42","Player_42",329,43,1,0,False,"failed",1,"2025-01-23 02:02:16.872106","0.1452","0.14","0.2","0.1617"
"98d9e481-2e5c-4473-8a19-d34cc4d178ab","USER_47","Player_47",322,34,2,0,False,"failed",1,"2025-01-23 03:41:20.071811","0.2927","0.32","0.4","0.3376"
"776cab21-a854-4b79-b648-25bc8dc30ed8","USER_27","Player_27",299,5,4,0,False,"exit",1,"2025-01-23 07:57:32.70432","0.6007","0.9","0.8","0.7669"
"694ebe60-3b0f-499f-92f7-d9986ef59dcc","USER_26","Player_26",529,6,5,1,True,"summit",1,"2025-01-23 22:10:44.550027","0.5592","0.88","1","0.8131"
"71ec1683-b36f-4751-9ba9-4245c09212af","USER_11","Player_11",288,19,5,1,True,"summit",1,"2025-01-24 01:26:11.674427","0.76","0.62","1","0.7933"
"3108dcd0-d5ba-4b90-86aa-9a1ae8d76c93","USER_23","Player_23",390,6,3,0,False,"exit",1,"2025-01-24 05:34:38.648926","0.405","0.88","0.6","0.6283"
"134f5f29-1141-461e-b822-847f8ce44239","USER_9","Player_9",437,25,2,0,False,"failed",1,"2025-01-24 14:27:17.796639","0.2543","0.5","0.4","0.3848"
"32bfddfa-110a-47d0-b95b-94a31269c102","USER_23","Player_23",944,17,2,0,False,"unknown",1,"2025-01-24 18:17:08.174856","0.0853","0.66","0.4","0.3818"
"2ba8328b-f15b-40d7-b977-55b89791e18e","USER_15","Player_15",895,7,1,0,False,"exit",1,"2025-01-24 22:04:52.877332","0.0508","0.86","0.2","0.3703"
"67c2655b-bad5-4251-931f-eefe2cd1d2d5","USER_43","Player_43",606,20,4,0,False,"exit",1,"2025-01-25 00:39:28.798028","0.396","0.6","0.8","0.5987"
"eebf7973-5528-4ae7-adcc-a7c4c5174e31","USER_9","Player_9",219,1,1,0,False,"exit",1,"2025-01-25 04:09:22.871025","0.1635","0.98","0.2","0.4478"
"80c8b082-3bd7-42d0-b0d9-69bf41a5e889","USER_46","Player_46",422,12,3,0,False,"exit",1,"2025-01-25 08:47:44.214462","0.389","0.76","0.6","0.583"
"7f09a5c0-bd1a-43bc-8c7b-112727a0d941","USER_30","Player_30",480,4,3,0,False,"exit",1,"2025-01-25 22:56:57.714875","0.36","0.92","0.6","0.6267"
"f8e95586-cf50-48ff-ad5e-cd1d14f68944","USER_42","Player_42",1169,20,4,0,False,"unknown",1,"2025-01-26 04:41:43.382256","0.0207","0.6","0.8","0.4736"
"953cf18c-2aee-4a6e-972e-bf5c0cbd2f33","USER_16","Player_16",318,22,2,0,False,"exit",1,"2025-01-26 07:49:51.828592","0.294","0.56","0.4","0.418"
"bb2d0c6c-6118-451e-ae1f-7fe7de69e824","USER_10","Player_10",1188,12,2,0,False,"unknown",1,"2025-01-26 17:31:53.764392","0.004","0.76","0.4","0.388"
"b25a6a6f-2623-47e8-bebd-fb748f1170ac","USER_46","Player_46",623,11,3,0,False,"exit",1,"2025-01-26 22:21:02.85435","0.2885","0.78","0.6","0.5562"
"5096b67c-aa01-4ec0-a1f3-f46721a0bca5","USER_9","Player_9",230,16,4,0,False,"exit",1,"2025-01-27 07:38:53.468361","0.6467","0.68","0.8","0.7089"
"c0036365-5156-4683-a903-05d32b8ec567","USER_39","Player_39",1098,19,3,0,False,"unknown",1,"2025-01-27 14:43:07.734433","0.051","0.62","0.6","0.4237"
"fee87237-a07b-496c-850b-077ff87c77d8","USER_27","Player_27",856,9,4,0,False,"exit",1,"2025-01-27 16:30:41.727982","0.2293","0.82","0.8","0.6164"
"a5961a81-be81-48f2-aba0-79c1b8bfb506","USER_18","Player_18",561,21,3,0,False,"exit",1,"2025-01-29 05:59:53.930648","0.3195","0.58","0.6","0.4998"
"53ced101-7296-48cb-9784-8babdf3b753b","USER_26","Player_26",710,19,1,0,False,"exit",1,"2025-01-29 11:10:42.142604","0.0817","0.62","0.2","0.3006"
"4de8aa15-9873-4120-bbc6-c7688a291494","USER_1","Player_1",267,24,3,0,False,"exit",1,"2025-01-29 23:17:54.062137","0.4665","0.52","0.6","0.5288"
"01261aa0-3e2c-43ce-a09a-2509908151d1","USER_48","Player_48",739,16,3,0,False,"exit",1,"2025-01-30 02:18:14.706809","0.2305","0.68","0.6","0.5035"
"6cef14f7-6770-446b-9197-51cff48c5f5a","USER_48","Player_48",808,14,4,0,False,"exit",1,"2025-01-30 05:40:35.085446","0.2613","0.72","0.8","0.5938"
"798587da-0bbd-4323-8f0a-67c0ebd11831","USER_18","Player_18",721,24,4,0,False,"exit",1,"2025-01-30 05:53:47.559238","0.3193","0.52","0.8","0.5464"
"7f556c05-c957-4ccb-962d-8aa93609a84d","USER_46","Player_46",286,4,4,0,False,"exit",1,"2025-01-30 07:21:06.290239","0.6093","0.92","0.8","0.7764"
"dbf04ef7-9b38-44a9-b5ab-cf8a4884761f","USER_13","Player_13",622,4,4,0,False,"exit",1,"2025-01-30 15:11:12.900415","0.3853","0.92","0.8","0.7018"
"8e371f7a-057a-426c-af59-c776f21b735d","10876608988","simplybren_40",98,30,2,0,False,"failed",1,"2025-01-30 18:50:21.906103","0.3673","0.4","0.4","0.3891"
"95d5ae03-5aea-44bd-9e40-4ad4dc292c8e","USER_29","Player_29",795,10,5,1,True,"summit",1,"2025-01-31 00:43:58.683768","0.3375","0.8","1","0.7125"
"4f99f840-489d-40f1-ad14-6b2320f6fa4a","USER_45","Player_45",175,11,1,0,False,"exit",1,"2025-01-31 15:27:22.415156","0.1708","0.78","0.2","0.3836"
"fc24b03c-a0e2-46b9-9795-ed08bf25c694","USER_13","Player_13",809,19,4,0,False,"exit",1,"2025-01-31 17:13:47.770813","0.2607","0.62","0.8","0.5602"
"7cb53c01-bc15-45cf-b272-2ad04d22e6c9","USER_38","Player_38",266,17,1,0,False,"exit",1,"2025-01-31 17:53:25.812063","0.1557","0.66","0.2","0.3386"
"f4f7ca15-555e-48ea-8873-559de358df63","USER_24","Player_24",264,5,1,0,False,"exit",1,"2025-02-01 07:20:52.875437","0.156","0.9","0.2","0.4187"
"a4c7c814-63a7-417b-a81b-7bec1f4aed89","USER_20","Player_20",331,9,5,1,True,"summit",1,"2025-02-01 08:22:34.437205","0.7242","0.82","1","0.8481"
"5f75c7cc-0447-4466-90a9-fffdae0868df","USER_12","Player_12",246,20,2,0,False,"exit",1,"2025-02-01 13:14:33.697548","0.318","0.6","0.4","0.4393"
"3a41b2eb-c481-4ccb-96ce-7dd512b58684","USER_15","Player_15",1130,7,4,0,False,"unknown",1,"2025-02-01 17:32:25.410789","0.0467","0.86","0.8","0.5689"
"85a376aa-8a2f-4aed-943c-152b2b4b1f7f","USER_46","Player_46",557,7,1,0,False,"exit",1,"2025-02-01 17:38:56.890066","0.1072","0.86","0.2","0.3891"
"f1261110-4617-4308-8764-b6a0d588c7aa","USER_26","Player_26",271,20,2,0,False,"exit",1,"2025-02-01 21:52:20.907708","0.3097","0.6","0.4","0.4366"
"a5044084-69f7-4df7-91af-c32d589fe829","USER_39","Player_39",357,12,2,0,False,"exit",1,"2025-02-01 22:36:51.498837","0.281","0.76","0.4","0.4803"
"e9d737f9-5278-4e8f-b0fc-d6cc1b335120","USER_8","Player_8",392,8,1,0,False,"exit",1,"2025-02-02 01:35:37.900502","0.1347","0.84","0.2","0.3916"
"e7a60521-d9c5-4981-a366-13187883fa47","10876608988","simplybren_40",994,23,5,1,True,"summit",1,"2025-02-02 20:36:49.620288","0.1717","0.54","1","0.5706"
"c3352871-57c9-474a-ba2f-313c50e25227","USER_32","Player_32",136,15,5,1,True,"summit",1,"2025-02-03 06:11:35.910624","0.8867","0.7","1","0.8622"
"1b1287f1-2774-44c3-b805-e704500560a8","USER_9","Player_9",598,20,3,0,False,"exit",1,"2025-02-03 10:04:50.237448","0.301","0.6","0.6","0.5003"
"df758bf1-e78e-428b-83e6-055cfc804739","USER_1","Player_1",696,4,1,0,False,"exit",1,"2025-02-04 06:55:09.675135","0.084","0.92","0.2","0.4013"
"11d050ad-b8d5-4beb-9423-6b4ed202caa1","USER_30","Player_30",487,23,5,1,True,"summit",1,"2025-02-04 23:45:58.603396","0.5942","0.54","1","0.7114"
"b496278c-1fe0-4341-a972-1bbaf3967d49","USER_29","Player_29",878,47,2,0,False,"failed",1,"2025-02-05 05:24:31.089204","0.1073","0.06","0.4","0.1891"
"3715a35f-4603-4fbf-a9e2-005e84bd4e66","USER_6","Player_6",755,9,2,0,False,"exit",1,"2025-02-05 14:56:09.280247","0.1483","0.82","0.4","0.4561"
"38c52805-b29d-478a-9c90-a9c743fbc390","USER_42","Player_42",628,25,1,0,False,"failed",1,"2025-02-06 06:02:49.69302","0.0953","0.5","0.2","0.2651"
"86c4e285-5760-4f14-a7b2-19ca8bd7bc2a","USER_11","Player_11",881,5,3,0,False,"exit",1,"2025-02-06 07:14:16.421047","0.1595","0.9","0.6","0.5532"
"5a4779ce-ba87-4565-a0aa-df12b970f6d7","USER_13","Player_13",635,9,4,0,False,"exit",1,"2025-02-06 11:13:04.472945","0.3767","0.82","0.8","0.6656"
"0908bb63-2f5e-499d-9971-912571413a48","USER_28","Player_28",162,14,3,0,False,"exit",1,"2025-02-06 13:27:30.947046","0.519","0.72","0.6","0.613"
"e26efd7f-b44f-4e34-bff3-fefdb053d4e9","3257447993","Clamsxeny",616,42,3,0,False,"failed",1,"2025-02-07 01:41:16.899223","0.292","0.16","0.6","0.3507"
"1b10a008-7b6b-47c4-ac86-5814d2fe826a","USER_14","Player_14",158,21,3,0,False,"exit",1,"2025-02-07 19:51:50.865352","0.521","0.58","0.6","0.567"
"8fc711a1-6202-4363-8bdc-ef81ecc3911b","USER_1","Player_1",367,22,1,0,False,"exit",1,"2025-02-08 10:02:33.405363","0.1388","0.56","0.2","0.2996"
"8a5fd85c-45ce-430d-9a3f-397b539dace1","USER_14","Player_14",452,12,2,0,False,"exit",1,"2025-02-08 16:59:03.906286","0.2493","0.76","0.4","0.4698"
"6709bc55-3a5b-45e4-af34-77689b853c57","USER_32","Player_32",567,40,4,0,False,"failed",1,"2025-02-08 22:50:08.915262","0.422","0.2","0.8","0.474"
"63a44a70-9316-4e18-a301-7065d0077f34","USER_35","Player_35",81,12,1,0,False,"exit",1,"2025-02-09 05:33:58.568652","0.1865","0.76","0.2","0.3822"
"b066dcf3-b6b8-4183-87f4-f694bdb405e8","USER_29","Player_29",102,20,4,0,False,"exit",1,"2025-02-09 11:45:49.268152","0.732","0.6","0.8","0.7107"
"c05aeea3-6aba-4078-a998-63997665bbf9","USER_48","Player_48",202,31,5,1,True,"summit",1,"2025-02-10 15:10:11.502029","0.8317","0.38","1","0.7372"
"5569876e-ab16-4c74-a259-f513c13c190e","USER_30","Player_30",359,23,1,0,False,"exit",1,"2025-02-11 16:18:16.175126","0.1402","0.54","0.2","0.2934"
"784b3f69-ce3e-4817-adfa-732e2733c6b3","USER_29","Player_29",909,45,3,0,False,"failed",1,"2025-02-11 21:01:13.150194","0.1455","0.1","0.6","0.2818"
"6c674cff-15cf-4fe4-91d3-c35e37ba0d70","USER_29","Player_29",458,6,2,0,False,"exit",1,"2025-02-12 01:48:03.294733","0.2473","0.88","0.4","0.5091"
"cc49abd8-5d22-4da3-bc8a-0cdd3aee4965","USER_46","Player_46",365,7,5,1,True,"summit",1,"2025-02-12 02:54:07.37676","0.6958","0.86","1","0.8519"
"d5ac8a65-909e-458b-8bf0-d3ccfd7965fb","USER_41","Player_41",327,13,5,1,True,"summit",1,"2025-02-12 09:54:40.51253","0.7275","0.74","1","0.8225"
"7c8d579b-2a57-44c8-a66f-ead1f840e0aa","USER_16","Player_16",147,3,1,0,False,"exit",1,"2025-02-13 19:06:45.225932","0.1755","0.94","0.2","0.4385"
"bf6e9257-4ca2-495f-98ca-0b43109863a7","USER_7","Player_7",227,23,4,0,False,"exit",1,"2025-02-13 22:54:10.237025","0.6487","0.54","0.8","0.6629"
"241eca02-09b0-4078-9efa-7a8f6e4c7576","USER_34","Player_34",503,41,5,1,True,"summit",1,"2025-02-14 09:17:19.733703","0.5808","0.18","1","0.5869"
"8ed18eb0-66f5-48d8-b6ac-9341967eecb3","USER_35","Player_35",530,21,4,0,False,"exit",1,"2025-02-14 10:35:49.749816","0.4467","0.58","0.8","0.6089"
"d865b943-4b0f-448c-8779-b7160fdf8838","USER_18","Player_18",459,5,5,1,True,"summit",1,"2025-02-14 11:02:03.693641","0.6175","0.9","1","0.8392"
"e349864e-c092-43a3-837a-01b58dfc5a66","USER_42","Player_42",162,20,1,0,False,"exit",1,"2025-02-14 15:43:26.220845","0.173","0.6","0.2","0.3243"
"557e768f-6745-422c-ba8a-297fac8ef940","USER_27","Player_27",982,11,5,1,True,"summit",1,"2025-02-15 03:09:05.21018","0.1817","0.78","1","0.6539"
"3b835325-ae39-4636-89cb-973bcca5450f","USER_19","Player_19",310,8,3,0,False,"exit",1,"2025-02-15 13:23:13.753375","0.445","0.84","0.6","0.6283"
"64e9c34f-9201-4b9c-b1dd-14d5734e68ae","USER_46","Player_46",560,8,3,0,False,"exit",1,"2025-02-15 16:05:34.46928","0.32","0.84","0.6","0.5867"
"4c60155d-acd4-49e4-a0ab-b3b1651dded7","USER_14","Player_14",305,5,4,0,False,"exit",1,"2025-02-15 17:15:14.106583","0.5967","0.9","0.8","0.7656"
"d9efd3be-f8ab-4cc6-b639-9f0054e1e2bc","USER_15","Player_15",487,11,5,1,True,"summit",1,"2025-02-16 03:06:18.283468","0.5942","0.78","1","0.7914"
"4c38cd27-996d-47ac-93ff-54819c4621ac","USER_30","Player_30",515,0,1,0,False,"exit",1,"2025-02-16 06:48:10.275915","0.1142","1","0.2","0.4381"
"89b52a1b-c27e-4df6-8686-0f0bb5507fff","USER_16","Player_16",493,10,5,1,True,"summit",1,"2025-02-16 09:27:00.057329","0.5892","0.8","1","0.7964"
"46f214c6-e40a-4b1c-9d3a-d70f87929fd3","USER_2","Player_2",1089,32,4,0,False,"failed",1,"2025-02-16 10:40:05.304842","0.074","0.36","0.8","0.4113"
"8bd41a0a-b834-4b6c-afec-19e3c79bc0ce","USER_47","Player_47",307,18,4,0,False,"exit",1,"2025-02-16 15:22:40.840926","0.5953","0.64","0.8","0.6784"
"1e94b4bd-6dfb-4c57-ae93-19633e5d2e8d","USER_39","Player_39",901,9,4,0,False,"unknown",1,"2025-02-17 15:08:37.7647","0.1993","0.82","0.8","0.6064"
"2d681cac-f19a-4975-bff0-7de04ca6a39a","USER_15","Player_15",569,10,3,0,False,"exit",1,"2025-02-17 19:26:07.37577","0.3155","0.8","0.6","0.5718"
"fe96c491-91be-46fa-9e7a-f0c77f2af551","USER_20","Player_20",67,17,5,1,True,"summit",1,"2025-02-17 23:41:47.74596","0.9442","0.66","1","0.8681"
"0e481062-002e-4369-9445-f0c9afe2cd7b","USER_25","Player_25",268,17,1,0,False,"exit",1,"2025-02-18 08:23:20.793239","0.1553","0.66","0.2","0.3384"
"eb322084-4620-4a4f-858b-a8cbd9ab5942","USER_28","Player_28",444,27,4,0,False,"failed",1,"2025-02-19 04:22:56.095109","0.504","0.46","0.8","0.588"
"3e07c383-f645-4ba7-8e2f-a50c3c6e1472","USER_36","Player_36",603,2,3,0,False,"exit",1,"2025-02-19 06:26:52.826138","0.2985","0.96","0.6","0.6195"
"6c9d5233-db2c-49f9-baec-7e2e6ddf7c99","10876608988","simplybren_40",1043,10,2,0,False,"unknown",1,"2025-02-19 11:07:41.019556","0.0523","0.8","0.4","0.4174"
"145d8ce5-83f0-4dca-aaaf-f6498c0c3958","USER_24","Player_24",693,5,2,0,False,"exit",1,"2025-02-19 17:47:32.212947","0.169","0.9","0.4","0.4897"
"37a5d707-dcdc-473f-a88a-76fe968462b5","USER_13","Player_13",259,16,1,0,False,"exit",1,"2025-02-19 20:15:59.283036","0.1568","0.68","0.2","0.3456"
"78d54298-b252-4e4e-823a-8a1801f7b15c","USER_35","Player_35",650,12,2,0,False,"exit",1,"2025-02-20 05:53:23.210697","0.1833","0.76","0.4","0.4478"
"7f644ed0-5a2d-4ec4-ba05-f7f08e7453ce","USER_37","Player_37",382,5,1,0,False,"exit",1,"2025-02-21 00:20:02.548687","0.1363","0.9","0.2","0.4121"
"17e7b2fa-c832-4a23-aaf3-6071dae51a70","USER_1","Player_1",174,3,2,0,False,"exit",1,"2025-02-21 02:57:46.444651","0.342","0.94","0.4","0.5607"
"69538f79-386e-4fad-8dd0-91a34f00e1ea","USER_48","Player_48",631,11,3,0,False,"exit",1,"2025-02-21 05:57:23.874288","0.2845","0.78","0.6","0.5548"
"61345e64-5834-4935-a459-8516cf1e87d5","USER_21","Player_21",348,23,1,0,False,"exit",1,"2025-02-21 10:31:02.976976","0.142","0.54","0.2","0.294"
"57aa81a7-32e2-44fb-9518-559917df5a21","USER_4","Player_4",685,21,3,0,False,"exit",1,"2025-02-21 20:44:34.246157","0.2575","0.58","0.6","0.4792"
"ade8f497-3324-4db3-9d0f-d7584b7bc646","USER_13","Player_13",279,3,4,0,False,"exit",1,"2025-02-22 13:51:51.239272","0.614","0.94","0.8","0.7847"
"ddd9e669-2737-4a9c-8eb1-36dfe73ebf14","USER_45","Player_45",674,11,2,0,False,"exit",1,"2025-02-22 16:14:34.58661","0.1753","0.78","0.4","0.4518"
"346a37de-7f22-4ee2-a36c-bca7252237e9","USER_47","Player_47",90,0,5,1,True,"summit",1,"2025-02-22 17:12:07.55751","0.925","1","1","0.975"
"e7002e41-97c1-470a-a43c-7a5400dafef8","10876608988","simplybren_40",555,45,3,0,False,"failed",1,"2025-02-22 20:47:05.402989","0.3225","0.1","0.6","0.3408"
"c6ba57a3-8683-4329-af52-aa02462228d1","USER_30","Player_30",422,9,3,0,False,"exit",1,"2025-02-23 11:03:11.359473","0.389","0.82","0.6","0.603"
"dc5a6d4b-9db9-4e6c-943d-f2b6e2120c14","USER_26","Player_26",898,1,3,0,False,"exit",1,"2025-02-23 15:54:14.487968","0.151","0.98","0.6","0.577"
"79bfa2e8-11f8-4667-b790-7b03f349400c","USER_20","Player_20",308,23,3,0,False,"exit",1,"2025-02-23 16:24:03.607507","0.446","0.54","0.6","0.5287"
"97088f7a-ce79-4970-b328-23bd0d2faa4c","USER_36","Player_36",559,7,4,0,False,"exit",1,"2025-02-23 20:21:11.717333","0.4273","0.86","0.8","0.6958"
"388f2456-a584-4aee-8a32-9187fc78d249","USER_39","Player_39",532,9,1,0,False,"exit",1,"2025-02-24 03:06:33.67015","0.1113","0.82","0.2","0.3771"
"e3665a22-6f56-46d0-ade2-acd8f2401ef1","USER_12","Player_12",305,5,2,0,False,"exit",1,"2025-02-24 04:39:04.159176","0.2983","0.9","0.4","0.5328"
"6709232c-d704-44d1-b768-7cf032269a82","USER_6","Player_6",342,21,3,0,False,"exit",1,"2025-02-24 14:12:02.790199","0.429","0.58","0.6","0.5363"
"e4aadf7b-81ba-4a16-8d25-2a7b38bf0884","USER_40","Player_40",183,3,4,0,False,"exit",1,"2025-02-25 00:15:16.466684","0.678","0.94","0.8","0.806"
"832bac2a-4703-48bc-9445-6dd91dceedab","USER_35","Player_35",784,22,2,0,False,"exit",1,"2025-02-25 05:15:09.855657","0.1387","0.56","0.4","0.3662"
"e013742b-d842-4f8d-ad3a-4e0214804935","USER_9","Player_9",332,6,2,0,False,"exit",1,"2025-02-25 08:58:37.856778","0.2893","0.88","0.4","0.5231"
"b6c7801b-b893-43b7-857d-d6a46d989df6","USER_12","Player_12",815,9,5,1,True,"summit",1,"2025-02-25 14:51:34.611432","0.3208","0.82","1","0.7136"
"c15f8787-cfa2-4b4f-85d5-81f6e3223752","USER_6","Player_6",382,23,4,0,False,"exit",1,"2025-02-25 17:20:27.680089","0.5453","0.54","0.8","0.6284"
"eec4da7f-3b51-440e-8a04-a0689a586528","USER_14","Player_14",377,8,4,0,False,"exit",1,"2025-02-25 23:02:42.187224","0.5487","0.84","0.8","0.7296"
"ef7f77b1-fcef-41c5-8aed-59113964a47a","USER_19","Player_19",658,7,3,0,False,"exit",1,"2025-02-26 06:00:18.52134","0.271","0.86","0.6","0.577"
"a1f24d92-a235-41ef-9e8a-7dbfcb430178","USER_23","Player_23",773,11,5,1,True,"summit",1,"2025-02-26 10:23:33.237926","0.3558","0.78","1","0.7119"
"a4b33fa3-b879-4d07-bacd-2678fbcff365","USER_36","Player_36",791,19,4,0,False,"exit",1,"2025-02-26 11:05:30.010637","0.2727","0.62","0.8","0.5642"
"e5b3f774-1e43-431d-9002-5e9cb6fd0924","USER_12","Player_12",71,29,3,0,False,"failed",1,"2025-02-26 12:53:15.208936","0.5645","0.42","0.6","0.5282"
"a0f7fcb5-dd9f-4a55-aae6-b97e4e3afe72","USER_38","Player_38",700,0,4,0,False,"exit",1,"2025-02-27 00:45:10.880911","0.3333","1","0.8","0.7111"
"44e9f8ae-fd6f-4a02-98ea-7b0877e4214b","USER_3","Player_3",452,3,3,0,False,"exit",1,"2025-02-27 14:10:25.008645","0.374","0.94","0.6","0.638"
"90e7662c-54a6-4159-97ec-c2cf30835ea5","USER_37","Player_37",683,5,5,1,True,"summit",1,"2025-02-28 08:27:39.085446","0.4308","0.9","1","0.7769"
"5f3c2f76-b485-4c08-90d7-712b825ebeb2","USER_22","Player_22",568,9,3,0,False,"exit",1,"2025-02-28 21:01:45.106312","0.316","0.82","0.6","0.5787"
"5c630f62-4e21-49b0-bffe-0bde0465870b","USER_3","Player_3",537,45,4,0,False,"failed",1,"2025-02-28 21:20:31.305058","0.442","0.1","0.8","0.4473"
"ffb5f42a-5a63-41fd-a11b-cb9f70ccc2fa","USER_40","Player_40",345,6,3,0,False,"exit",1,"2025-03-01 11:01:03.679006","0.4275","0.88","0.6","0.6358"
"e7995c53-8599-49f4-bfb5-ae33e33cfe9c","10876608988","simplybren_40",451,14,2,0,False,"exit",1,"2025-03-02 02:05:32.021385","0.2497","0.72","0.4","0.4566"
"7d782418-c8ea-48ec-9faa-5e85850b0026","3257447993","Clamsxeny",331,5,4,0,False,"exit",1,"2025-03-03 08:39:15.029692","0.5793","0.9","0.8","0.7598"
"fcece4dd-16fb-436b-a455-182be755e465","USER_38","Player_38",1010,3,4,0,False,"unknown",1,"2025-03-03 14:31:52.761177","0.1267","0.94","0.8","0.6222"
"332b2d29-18d5-472f-a8e9-810889f56be3","USER_22","Player_22",187,17,4,0,False,"exit",1,"2025-03-03 21:38:48.311341","0.6753","0.66","0.8","0.7118"
"dff54bd5-1f6e-4767-841e-e15c81b6b9f5","USER_22","Player_22",341,10,3,0,False,"exit",1,"2025-03-04 05:40:50.786252","0.4295","0.8","0.6","0.6098"
"9ec00a24-2a8d-4823-966f-9a6817aa099c","USER_30","Player_30",563,7,4,0,False,"exit",1,"2025-03-04 16:10:11.350612","0.4247","0.86","0.8","0.6949"
"84d8839a-97fc-4a4f-9457-b8a6c11c2bdf","USER_3","Player_3",66,13,1,0,False,"exit",1,"2025-03-05 00:34:53.638606","0.189","0.74","0.2","0.3763"
"57b0e45c-760f-40c7-b78e-b19cb9a7a64b","10876608988","simplybren_40",867,11,2,0,False,"exit",1,"2025-03-05 09:58:02.357976","0.111","0.78","0.4","0.4303"
"bce6d92e-1eb1-4bda-940e-3fbf47a68511","USER_9","Player_9",336,0,3,0,False,"exit",1,"2025-03-05 21:58:14.607662","0.432","1","0.6","0.6773"
"aaa9a0b6-06e5-4e2a-a66a-ecdb0d7fb694","USER_3","Player_3",882,8,3,0,False,"exit",1,"2025-03-06 14:37:28.739676","0.159","0.84","0.6","0.533"
"32fb04c4-a65a-4a33-b4a7-428ff3151397","USER_27","Player_27",293,1,3,0,False,"exit",1,"2025-03-06 20:29:06.590014","0.4535","0.98","0.6","0.6778"
"bed13f1a-62c5-419c-8187-b49268e30807","USER_37","Player_37",1152,19,3,0,False,"unknown",1,"2025-03-06 21:26:43.033486","0.024","0.62","0.6","0.4147"
"60efd0b9-c992-4dcf-a885-ce3cf4980011","USER_49","Player_49",1154,12,1,0,False,"unknown",1,"2025-03-07 09:14:05.65939","0.0077","0.76","0.2","0.3226"
"17e14ce8-6830-4085-8202-e8e1939a06e1","USER_46","Player_46",497,16,4,0,False,"exit",1,"2025-03-08 04:59:41.997944","0.4687","0.68","0.8","0.6496"
"89664b44-098f-43b3-a8a4-fba69ac6067f","USER_41","Player_41",316,4,2,0,False,"exit",1,"2025-03-09 07:33:28.998299","0.2947","0.92","0.4","0.5382"
"0c005917-7087-44d6-8f1a-2745c36090bd","USER_10","Player_10",960,29,1,0,False,"failed",1,"2025-03-10 10:49:41.193173","0.04","0.42","0.2","0.22"
"56d84a93-8677-4c92-92c5-15fabb373ed4","3257447993","Clamsxeny",554,23,1,0,False,"exit",1,"2025-03-10 17:01:17.010571","0.1077","0.54","0.2","0.2826"
"3b9b7d1e-c66a-4eb1-8e47-9bbf42683f72","USER_47","Player_47",455,22,2,0,False,"exit",1,"2025-03-10 18:53:37.419109","0.2483","0.56","0.4","0.4028"
"b95c2897-6099-46d9-a2b5-0ec1d2be3234","USER_26","Player_26",527,21,4,0,False,"exit",1,"2025-03-11 09:50:56.171537","0.4487","0.58","0.8","0.6096"
"8d0f277d-b7f6-41ae-8309-0c473e412a6b","USER_29","Player_29",949,13,2,0,False,"unknown",1,"2025-03-11 14:29:14.421777","0.0837","0.74","0.4","0.4079"
"73203924-4777-4337-b569-c18d5c780aca","USER_37","Player_37",262,7,4,0,False,"exit",1,"2025-03-11 16:02:07.68102","0.6253","0.86","0.8","0.7618"
"8cb3f36c-ec6d-44a2-a78b-b33973e42adf","USER_33","Player_33",765,35,4,0,False,"failed",1,"2025-03-12 05:02:03.164","0.29","0.3","0.8","0.4633"
"ea6347af-2e08-41e0-8068-3e7f041d52f1","USER_34","Player_34",360,21,4,0,False,"exit",1,"2025-03-12 14:51:16.191394","0.56","0.58","0.8","0.6467"
"69b3b887-03bd-4bec-968f-bc03334bbde2","USER_36","Player_36",307,25,2,0,False,"failed",1,"2025-03-12 21:49:38.209762","0.2977","0.5","0.4","0.3992"
"f1430e6e-b8ae-45cf-be0f-65ac9717ff2f","USER_44","Player_44",278,17,3,0,False,"exit",1,"2025-03-13 06:53:10.441825","0.461","0.66","0.6","0.5737"
"1e224024-a271-4000-a5db-80dde2f37f4d","USER_22","Player_22",963,7,2,0,False,"unknown",1,"2025-03-14 18:54:20.87485","0.079","0.86","0.4","0.4463"
"c58bff62-c5e1-41a6-8bce-4e1d45bbcc02","10876608988","simplybren_40",788,16,4,0,False,"exit",1,"2025-03-15 05:11:50.622989","0.2747","0.68","0.8","0.5849"
"8f96043c-db37-4fc1-9d8d-3cd7112abb5b","3257447993","Clamsxeny",85,17,3,0,False,"exit",1,"2025-03-15 10:17:12.674291","0.5575","0.66","0.6","0.6058"
"c05da0d3-41fe-4e09-bbc2-ec04571639d4","USER_22","Player_22",279,16,5,1,True,"summit",1,"2025-03-16 05:15:06.534132","0.7675","0.68","1","0.8158"
"6d66ec8b-aff2-4551-92c1-74acdb8a9b1d","USER_50","Player_50",308,24,5,1,True,"summit",1,"2025-03-17 05:26:51.044567","0.7433","0.52","1","0.7544"
"326cf827-e9c4-4bc8-ac6a-ac560ca9e984","USER_38","Player_38",270,0,3,0,False,"exit",1,"2025-03-17 08:05:45.250236","0.465","1","0.6","0.6883"
"028ea06f-2684-4a8a-afb9-2d15c33d94de","USER_7","Player_7",594,6,1,0,False,"exit",1,"2025-03-17 08:56:10.516689","0.101","0.88","0.2","0.3937"
"15a5ca79-4f54-4dae-9438-1bd6d3fea452","USER_13","Player_13",91,8,3,0,False,"exit",1,"2025-03-17 11:23:44.419241","0.5545","0.84","0.6","0.6648"
"345464fc-53c4-46a5-aaf7-fcd05452f49b","USER_23","Player_23",77,8,5,1,True,"summit",1,"2025-03-17 12:45:38.794421","0.9358","0.84","1","0.9253"
"fbe2047a-0c1b-4950-b9d1-146561f49da0","USER_46","Player_46",326,23,2,0,False,"exit",1,"2025-03-18 11:46:59.443543","0.2913","0.54","0.4","0.4104"
"282f035c-eda1-462d-8418-b02c192c5999","USER_28","Player_28",577,25,1,0,False,"failed",1,"2025-03-18 15:31:21.890942","0.1038","0.5","0.2","0.2679"
"93924175-ffe0-4d4e-acb2-81017db36ca1","USER_25","Player_25",296,14,2,0,False,"exit",1,"2025-03-18 18:09:34.768419","0.3013","0.72","0.4","0.4738"
"1ed157e5-cb98-4954-8b29-5a451da2d9db","USER_14","Player_14",113,22,3,0,False,"exit",1,"2025-03-18 20:26:03.378331","0.5435","0.56","0.6","0.5678"
"203d9a15-4916-481d-aa59-54d1c41b0ebd","USER_50","Player_50",254,8,1,0,False,"exit",1,"2025-03-19 02:22:37.223921","0.1577","0.84","0.2","0.3992"
"b2c17cfe-6b81-4bdf-98e9-79314a29a4d0","USER_48","Player_48",283,13,1,0,False,"exit",1,"2025-03-19 18:00:15.164572","0.1528","0.74","0.2","0.3643"
"6d07ccce-d03a-46de-88e7-67538f8b938a","USER_24","Player_24",571,15,4,0,False,"exit",1,"2025-03-20 03:03:06.878064","0.4193","0.7","0.8","0.6398"
"91eb63ac-368e-494d-96dd-c4442140bf7e","USER_5","Player_5",249,24,2,0,False,"exit",1,"2025-03-20 12:10:55.074339","0.317","0.52","0.4","0.4123"
"478ab798-b516-4b10-bdd4-7946b89e20df","USER_16","Player_16",104,8,4,0,False,"exit",1,"2025-03-21 08:54:53.704571","0.7307","0.84","0.8","0.7902"
"e118586e-1270-4a5d-9e89-6217f9014a00","USER_16","Player_16",299,43,5,1,True,"summit",1,"2025-03-21 20:13:51.267007","0.7508","0.14","1","0.6303"
"dfdb91ec-7965-4481-95a4-98394093af5d","USER_33","Player_33",210,7,1,0,False,"exit",1,"2025-03-22 02:01:38.954995","0.165","0.86","0.2","0.4083"
"0be91018-e38d-4b8e-b653-3e80de0651a4","USER_27","Player_27",379,47,5,1,True,"summit",1,"2025-03-22 12:52:17.102075","0.6842","0.06","1","0.5814"
"6cc34658-4b25-473f-ad4e-a02f7521e6ae","USER_12","Player_12",603,5,4,0,False,"exit",1,"2025-03-23 07:19:31.738483","0.398","0.9","0.8","0.6993"
"af3679bf-b9a3-4d43-b74d-e0bf9e99b433","USER_35","Player_35",489,21,3,0,False,"exit",1,"2025-03-23 09:45:56.776842","0.3555","0.58","0.6","0.5118"
"d901a635-7afd-45c8-83b7-7d36473bad29","USER_27","Player_27",762,4,2,0,False,"exit",1,"2025-03-23 18:41:18.119326","0.146","0.92","0.4","0.4887"
"c470c905-60de-4c75-a725-3aaeed1ab300","USER_31","Player_31",199,6,1,0,False,"exit",1,"2025-03-24 00:07:49.064836","0.1668","0.88","0.2","0.4156"
"012ba2fd-811c-44f3-8fa0-d899e01f65cd","USER_1","Player_1",466,8,2,0,False,"exit",1,"2025-03-24 01:09:45.529754","0.2447","0.84","0.4","0.4949"
"685112cf-8a21-4b3c-84da-2ca0f4eaba21","USER_17","Player_17",875,0,1,0,False,"exit",1,"2025-03-24 09:20:45.777838","0.0542","1","0.2","0.4181"
"f7cd06bb-8148-4782-b651-3348a15263e0","USER_47","Player_47",1085,12,2,0,False,"unknown",1,"2025-03-24 14:21:31.195535","0.0383","0.76","0.4","0.3994"
"dd784e59-4ef9-46e9-ae42-c8ddd8fb17c2","USER_7","Player_7",329,13,4,0,False,"exit",1,"2025-03-24 22:09:11.864898","0.5807","0.74","0.8","0.7069"
"8df7992b-f242-4ce1-a2df-5b460afc8829","USER_35","Player_35",786,13,5,1,True,"summit",1,"2025-03-25 03:38:34.327439","0.345","0.74","1","0.695"
"a3f21b17-96a4-42c4-9a96-976cb1644251","USER_2","Player_2",693,24,1,0,False,"exit",1,"2025-03-25 07:13:42.726279","0.0845","0.52","0.2","0.2682"
"57bed9a6-4e4a-4b3d-b48b-c7f67d1a0975","USER_26","Player_26",380,14,1,0,False,"exit",1,"2025-03-25 08:11:27.003778","0.1367","0.72","0.2","0.3522"
"b6b4754c-3ad3-4533-857a-3e0c537d939a","USER_11","Player_11",459,22,3,0,False,"exit",1,"2025-03-26 08:21:54.929252","0.3705","0.56","0.6","0.5102"
"fa2365e7-1627-4b66-8a7b-e28705a56dec","USER_16","Player_16",447,13,1,0,False,"exit",1,"2025-03-26 09:05:23.969262","0.1255","0.74","0.2","0.3552"
"9db7569b-9f39-4f1d-a04b-93dec6ace673","USER_20","Player_20",301,30,4,0,False,"failed",1,"2025-03-27 01:24:51.799696","0.5993","0.4","0.8","0.5998"
"a2b38cd1-ddef-47de-bf82-0824e2c18934","USER_48","Player_48",196,16,4,0,False,"exit",1,"2025-03-27 09:34:18.551841","0.6693","0.68","0.8","0.7164"
"f9bc94af-5bc2-44aa-abf2-ce7eb355f161","USER_47","Player_47",377,47,1,0,False,"failed",1,"2025-03-27 19:58:53.517684","0.1372","0.06","0.2","0.1324"
"3ac3a503-6a70-4366-9b39-e084f247d71d","USER_20","Player_20",506,14,3,0,False,"exit",1,"2025-03-28 17:11:33.074594","0.347","0.72","0.6","0.5557"
"57ff6840-5410-4c35-82fc-8b2ecd22a5bf","USER_11","Player_11",1025,11,1,0,False,"unknown",1,"2025-03-28 19:23:08.46631","0.0292","0.78","0.2","0.3364"
"905b55cb-04d8-4e87-b3eb-aeed4cc1fc46","USER_28","Player_28",661,15,1,0,False,"exit",1,"2025-03-29 10:01:44.573309","0.0898","0.7","0.2","0.3299"
"5712f7f0-f509-4089-b1cd-35d328f4a1c1","USER_44","Player_44",620,5,5,1,True,"summit",1,"2025-03-29 11:37:14.293222","0.4833","0.9","1","0.7944"
"4b76de9f-f5c8-45bb-8117-3131a5588cee","USER_14","Player_14",728,18,2,0,False,"exit",1,"2025-03-30 05:45:10.33849","0.1573","0.64","0.4","0.3991"
"fe464005-4dba-44c9-8918-8387176de9f1","USER_48","Player_48",516,35,1,0,False,"failed",1,"2025-03-30 10:25:27.748087","0.114","0.3","0.2","0.2047"
"eb9c674e-652b-4662-9935-be1d499b6f97","USER_22","Player_22",655,7,3,0,False,"exit",1,"2025-03-31 02:38:43.960211","0.2725","0.86","0.6","0.5775"
"13a30888-4897-47fb-b267-7acd64a13ab4","USER_37","Player_37",919,17,1,0,False,"unknown",1,"2025-03-31 13:11:46.398982","0.0468","0.66","0.2","0.3023"
"c11d2a5b-81f6-4909-b23f-3fce9e82bc0f","USER_23","Player_23",1117,15,3,0,False,"unknown",1,"2025-04-01 00:51:19.302167","0.0415","0.7","0.6","0.4472"
"6833910b-e1d2-411e-b6ae-170f9e63c429","USER_2","Player_2",171,12,1,0,False,"exit",1,"2025-04-01 05:16:53.582466","0.1715","0.76","0.2","0.3772"
"61f1b334-2de6-41f6-8872-c9c7b2c60006","USER_35","Player_35",462,14,1,0,False,"exit",1,"2025-04-01 06:05:37.306201","0.123","0.72","0.2","0.3477"
"51f17c54-74e3-462b-822d-f1f76e165b26","USER_12","Player_12",259,7,5,1,True,"summit",1,"2025-04-01 08:54:18.253878","0.7842","0.86","1","0.8814"
"cf6d2057-4824-4815-9525-644d3b7ff350","USER_21","Player_21",202,9,4,0,False,"exit",1,"2025-04-01 19:59:41.703454","0.6653","0.82","0.8","0.7618"
"d6207f3e-608e-4569-a64a-f09d63f0476c","USER_11","Player_11",567,4,5,1,True,"summit",1,"2025-04-02 12:33:05.878622","0.5275","0.92","1","0.8158"
"969d277d-ba4b-4191-a112-c2bb472e7371","USER_31","Player_31",378,21,1,0,False,"exit",1,"2025-04-03 01:23:12.349279","0.137","0.58","0.2","0.3057"
"08ab0d71-4424-44f1-a78c-fa449601f98d","USER_38","Player_38",245,14,3,0,False,"exit",1,"2025-04-03 02:29:22.643271","0.4775","0.72","0.6","0.5992"
"987fa7a8-0c6a-43a6-8394-a1821265a6fb","USER_44","Player_44",639,15,5,1,True,"summit",1,"2025-04-03 02:54:17.693622","0.4675","0.7","1","0.7225"
"5b3303b6-dbc9-4529-a7b2-d3aeaa141f04","USER_18","Player_18",435,5,4,0,False,"exit",1,"2025-04-03 10:47:09.786093","0.51","0.9","0.8","0.7367"
"1b94034b-8b82-4bc3-ad7f-8c8fb4a417fc","USER_45","Player_45",78,0,5,1,True,"summit",1,"2025-04-04 02:29:34.427989","0.935","1","1","0.9783"
"4972cde5-ff87-4cac-870c-454f0d5aec4c","USER_46","Player_46",366,13,3,0,False,"exit",1,"2025-04-04 12:54:37.804884","0.417","0.74","0.6","0.5857"
"cce56fe2-3eb4-4bd4-ab4c-f147e78fae63","USER_42","Player_42",796,8,4,0,False,"exit",1,"2025-04-04 23:56:33.302606","0.2693","0.84","0.8","0.6364"
"f06362ef-f1e1-49a6-8dac-0b8ead349362","USER_11","Player_11",738,13,3,0,False,"exit",1,"2025-04-05 14:00:14.873383","0.231","0.74","0.6","0.5237"
"2ad59f58-2fc0-4ba9-860e-2baf6c28460a","USER_43","Player_43",376,18,3,0,False,"exit",1,"2025-04-05 16:00:50.587641","0.412","0.64","0.6","0.5507"
"70d31f5e-6e53-4479-b655-15500e115b7b","USER_41","Player_41",871,13,2,0,False,"exit",1,"2025-04-05 20:39:18.985454","0.1097","0.74","0.4","0.4166"
"74431ee4-3de0-4234-b2b0-9075db0c421c","USER_33","Player_33",136,0,4,0,False,"exit",1,"2025-04-05 21:05:08.964976","0.7093","1","0.8","0.8364"
"49a99528-47cc-4353-8b87-68398df29298","USER_40","Player_40",192,13,5,1,True,"summit",1,"2025-04-06 03:59:04.134967","0.84","0.74","1","0.86"
"d3ba61df-960f-4da6-8abc-21134439b207","USER_30","Player_30",127,7,2,0,False,"exit",1,"2025-04-06 05:07:43.087919","0.3577","0.86","0.4","0.5392"
"4e1609aa-5952-4272-bf3c-558f972b1f43","USER_50","Player_50",219,5,1,0,False,"exit",1,"2025-04-06 13:31:49.421126","0.1635","0.9","0.2","0.4212"
"007e83a0-81c2-44da-bd9e-5b5062258dd2","USER_30","Player_30",1185,47,4,0,False,"failed",1,"2025-04-06 21:20:22.690026","0.01","0.06","0.8","0.29"
"6172a9b0-d151-40ce-bba9-a70c55029c2a","USER_6","Player_6",463,25,4,0,False,"failed",1,"2025-04-07 05:43:08.571645","0.4913","0.5","0.8","0.5971"
"3f8dfe25-0e2a-48dc-b3de-c6ac9d1a0d48","USER_13","Player_13",69,29,2,0,False,"failed",1,"2025-04-07 17:43:25.091048","0.377","0.42","0.4","0.399"
"65a37f54-7dbf-437e-a3b7-13283167a682","USER_18","Player_18",324,20,1,0,False,"exit",1,"2025-04-08 04:15:09.286641","0.146","0.6","0.2","0.3153"
"3618c39d-b55b-4e5a-8e02-f18a9a3457cb","USER_25","Player_25",206,25,2,0,False,"failed",1,"2025-04-09 12:30:38.121525","0.3313","0.5","0.4","0.4104"
"c1bea8e4-3435-4103-8dfa-731735465b91","USER_5","Player_5",376,44,2,0,False,"failed",1,"2025-04-10 00:14:38.56894","0.2747","0.12","0.4","0.2649"
"128f6804-8ede-480e-bc3e-f19e5bd8fe9f","USER_24","Player_24",348,12,1,0,False,"exit",1,"2025-04-10 00:24:41.602555","0.142","0.76","0.2","0.3673"
"388cb07e-03ea-4a7a-ab82-eb1ab33b1ae8","USER_33","Player_33",63,18,2,0,False,"exit",1,"2025-04-10 01:10:56.527854","0.379","0.64","0.4","0.473"
"948f40dc-4804-4451-8508-c786fe81926e","USER_50","Player_50",235,29,3,0,False,"failed",1,"2025-04-10 01:57:43.529486","0.4825","0.42","0.6","0.5008"
"79fb5738-dea5-4227-88d0-7f53147cb260","USER_22","Player_22",447,20,2,0,False,"exit",1,"2025-04-10 06:37:17.816048","0.251","0.6","0.4","0.417"
"27b60910-3249-477a-ace8-acf8276ea45f","USER_35","Player_35",557,24,1,0,False,"exit",1,"2025-04-10 07:57:12.93467","0.1072","0.52","0.2","0.2757"
"9d52315c-c3b9-4eff-87f1-7bc1e095f943","USER_28","Player_28",1105,21,4,0,False,"unknown",1,"2025-04-11 06:23:29.810825","0.0633","0.58","0.8","0.4811"
"5369d4c5-92bf-4bcc-b492-a1491e1139b5","USER_38","Player_38",379,36,4,0,False,"failed",1,"2025-04-11 18:04:29.091252","0.5473","0.28","0.8","0.5424"
"c4b7bcc3-29f9-4c40-9123-8911c087d9e5","USER_29","Player_29",415,12,4,0,False,"exit",1,"2025-04-11 22:26:41.092437","0.5233","0.76","0.8","0.6944"
"04eaceed-73c6-45db-bd3b-8def85fddd96","USER_9","Player_9",782,11,5,1,True,"summit",1,"2025-04-12 10:18:54.495339","0.3483","0.78","1","0.7094"
"ee1325fe-e32f-456c-ba6d-dadce041ed2c","USER_11","Player_11",939,18,3,0,False,"unknown",1,"2025-04-12 14:55:35.136339","0.1305","0.64","0.6","0.4568"
"ec925034-6a55-4a02-88fd-ceab10946e98","USER_7","Player_7",553,13,2,0,False,"exit",1,"2025-04-13 01:39:24.317947","0.2157","0.74","0.4","0.4519"
"4644e284-e0c8-43ed-846e-2c00d0e2bece","USER_38","Player_38",125,5,5,1,True,"summit",1,"2025-04-13 02:37:14.949663","0.8958","0.9","1","0.9319"
"e493a89a-a282-4db5-a2ec-c694ef8971a8","USER_45","Player_45",1186,10,2,0,False,"unknown",1,"2025-04-13 05:06:43.497949","0.0047","0.8","0.4","0.4016"
"12aa4de8-cd4a-4ddd-8bb9-8f385d30299f","USER_15","Player_15",515,13,1,0,False,"exit",1,"2025-04-13 07:46:45.78869","0.1142","0.74","0.2","0.3514"
"804b2084-6791-43e4-91d6-feca054bdd63","USER_38","Player_38",217,7,5,1,True,"summit",1,"2025-04-13 14:07:58.528076","0.8192","0.86","1","0.8931"
"d572ed5b-391d-4223-8a59-38a93d38a5a1","USER_24","Player_24",288,6,4,0,False,"exit",1,"2025-04-13 19:30:38.014276","0.608","0.88","0.8","0.7627"
"12b1648d-0230-4bba-8c3c-dba5a5f6c7cb","USER_38","Player_38",632,5,1,0,False,"exit",1,"2025-04-14 03:10:10.226287","0.0947","0.9","0.2","0.3982"
"e1c6d81f-a871-4142-9969-d618d8b4b0e2","USER_42","Player_42",1019,5,1,0,False,"unknown",1,"2025-04-15 08:27:17.579914","0.0302","0.9","0.2","0.3767"
"66752bb7-b78e-4259-8386-89fa66898092","USER_13","Player_13",287,40,1,0,False,"failed",1,"2025-04-15 10:11:24.134453","0.1522","0.2","0.2","0.1841"
"5aab9f95-1f5b-4678-a318-e19e13eb1c8e","USER_29","Player_29",134,23,1,0,False,"exit",1,"2025-04-15 14:55:48.602913","0.1777","0.54","0.2","0.3059"
"904ba0a5-af86-4b8d-a18b-c488f9ef5b85","USER_37","Player_37",262,44,4,0,False,"failed",1,"2025-04-15 18:08:28.829435","0.6253","0.12","0.8","0.5151"
"10647b96-fbca-454e-9df5-711bd8fdee82","USER_9","Player_9",317,15,4,0,False,"exit",1,"2025-04-16 08:00:55.91216","0.5887","0.7","0.8","0.6962"
"5162a51e-20b3-42a2-94a7-52bab4179742","USER_46","Player_46",394,19,3,0,False,"exit",1,"2025-04-17 20:42:46.622304","0.403","0.62","0.6","0.541"
"5668edc1-4edb-40b2-8ee2-a7234ed08906","USER_47","Player_47",1051,14,3,0,False,"unknown",1,"2025-04-17 23:24:49.566174","0.0745","0.72","0.6","0.4648"
"6a600688-454c-4aa3-b42a-d2d792b08dbb","USER_38","Player_38",484,11,1,0,False,"exit",1,"2025-04-18 10:19:45.40386","0.1193","0.78","0.2","0.3664"
"56f04b8d-0b51-4701-8003-0e0b71e21a7d","USER_36","Player_36",684,21,4,0,False,"exit",1,"2025-04-18 16:18:59.666888","0.344","0.58","0.8","0.5747"
"ca6473cb-0211-4309-9c8a-9569598c1386","USER_34","Player_34",416,20,3,0,False,"exit",1,"2025-04-18 20:30:57.110033","0.392","0.6","0.6","0.5307"
"59d29174-2f61-4c5e-b77b-40dbf4b7e233","USER_23","Player_23",330,4,4,0,False,"exit",1,"2025-04-18 23:40:37.490172","0.58","0.92","0.8","0.7667"
"9ce80fc4-4019-4db4-83ff-2e14343e679a","USER_3","Player_3",255,18,1,0,False,"exit",1,"2025-04-19 00:28:40.684294","0.1575","0.64","0.2","0.3325"
"4d925a0c-7344-4c71-864d-20840713ae8e","10876608988","simplybren_40",178,6,4,0,False,"exit",1,"2025-04-19 06:37:48.3388","0.6813","0.88","0.8","0.7871"
"9ace4d7a-f31d-4911-b469-5ff243fbf36c","USER_5","Player_5",759,24,4,0,False,"exit",1,"2025-04-19 08:54:03.193576","0.294","0.52","0.8","0.538"
"360c4460-e212-4cc3-9305-89d0e2f86a4a","USER_30","Player_30",109,29,4,0,False,"failed",1,"2025-04-19 11:41:24.076466","0.7273","0.42","0.8","0.6491"
"1d34aeb2-d07a-43f3-a245-4ca72a044833","USER_19","Player_19",134,25,4,0,False,"failed",1,"2025-04-19 15:24:06.460802","0.7107","0.5","0.8","0.6702"
"19374839-686b-4a03-8ece-fbc57ef2274a","USER_13","Player_13",518,20,4,0,False,"exit",1,"2025-04-19 20:43:50.391483","0.4547","0.6","0.8","0.6182"
"ddbf3e4a-a145-434a-bde3-a57dd5555c9d","USER_44","Player_44",819,1,5,1,True,"summit",1,"2025-04-20 04:12:51.946905","0.3175","0.98","1","0.7658"
"6068bf00-b2e9-4e97-b5fe-2e1bdb320335","USER_4","Player_4",516,18,5,1,True,"summit",1,"2025-04-20 13:01:31.995525","0.57","0.64","1","0.7367"
"ede5bcc9-bfe3-4118-92ac-87240b112103","USER_18","Player_18",64,20,4,0,False,"exit",1,"2025-04-20 16:00:42.869457","0.7573","0.6","0.8","0.7191"
"975f2559-421d-44db-8de6-b5ec720f9246","USER_25","Player_25",731,7,3,0,False,"exit",1,"2025-04-20 16:05:10.510283","0.2345","0.86","0.6","0.5648"
"936531ef-641a-4c87-b34c-deb73a86e66c","USER_28","Player_28",864,9,2,0,False,"exit",1,"2025-04-20 16:06:12.851005","0.112","0.82","0.4","0.444"
"b83b29c5-76af-4499-9af3-997495675abb","USER_38","Player_38",385,14,3,0,False,"exit",1,"2025-04-20 20:54:35.172476","0.4075","0.72","0.6","0.5758"
"bbc178ae-1a65-458e-8904-d823a0d609f3","USER_14","Player_14",284,11,1,0,False,"exit",1,"2025-04-21 00:04:01.792388","0.1527","0.78","0.2","0.3776"
"c896db2d-b18c-4f3c-8f1d-49fa052cb8b5","USER_15","Player_15",419,23,5,1,True,"summit",1,"2025-04-21 00:42:43.906134","0.6508","0.54","1","0.7303"
"d108b0b6-4111-421b-99da-b238746cdf60","USER_42","Player_42",320,5,1,0,False,"exit",1,"2025-04-21 15:55:25.47476","0.1467","0.9","0.2","0.4156"
"225345f4-acb0-4a31-be0b-99c80f6976c7","USER_24","Player_24",522,19,3,0,False,"exit",1,"2025-04-21 16:41:30.11142","0.339","0.62","0.6","0.5197"
"9ebe3371-a30e-4057-9713-a71fd21adc49","USER_4","Player_4",66,11,5,1,True,"summit",1,"2025-04-22 05:20:32.320148","0.945","0.78","1","0.9083"
"b14f56da-e533-4c61-b2c2-8cb82796867c","USER_33","Player_33",220,11,5,1,True,"summit",1,"2025-04-22 05:50:32.500502","0.8167","0.78","1","0.8656"
"ef465213-5ced-4b1d-a5f0-a4300e07cd38","USER_21","Player_21",286,14,5,1,True,"summit",1,"2025-04-22 11:15:36.570347","0.7617","0.72","1","0.8272"
"fa2c6629-b44f-48cf-a376-389046d2078d","USER_11","Player_11",308,25,4,0,False,"failed",1,"2025-04-22 12:05:27.177799","0.5947","0.5","0.8","0.6316"
"7d06fa12-5888-4067-9f54-058b4e42bf68","USER_7","Player_7",650,16,1,0,False,"exit",1,"2025-04-22 15:33:06.53821","0.0917","0.68","0.2","0.3239"
"5022610f-c9b6-4c04-b6d5-bb0ae25b9731","USER_25","Player_25",63,18,1,0,False,"exit",1,"2025-04-22 18:11:16.805611","0.1895","0.64","0.2","0.3432"
"8282dd21-a806-4b8c-83e3-ef239929e283","USER_40","Player_40",750,15,4,0,False,"exit",1,"2025-04-23 02:00:50.144457","0.3","0.7","0.8","0.6"
"ae85c980-f24e-482c-9665-eb565235d0b5","USER_33","Player_33",627,20,5,1,True,"summit",1,"2025-04-23 04:14:57.960517","0.4775","0.6","1","0.6925"
"580eddcc-197b-4d41-854e-cef766e817e6","USER_8","Player_8",521,19,3,0,False,"exit",1,"2025-04-23 17:54:53.112362","0.3395","0.62","0.6","0.5198"
"bf2ef52c-63e0-4579-9db7-10d169c14698","USER_48","Player_48",241,24,3,0,False,"exit",1,"2025-04-24 01:04:05.437768","0.4795","0.52","0.6","0.5332"
"0820c90c-52a5-4557-a4b1-ecf381f48cea","USER_49","Player_49",570,4,5,1,True,"summit",1,"2025-04-24 05:44:39.487877","0.525","0.92","1","0.815"
"77456bb0-7e16-4f60-b2ad-331c3d98b9d6","USER_40","Player_40",477,9,5,1,True,"summit",1,"2025-04-25 01:56:03.008828","0.6025","0.82","1","0.8075"
"e60a3f81-ab1c-4bff-92fa-2b5f5c625e99","USER_17","Player_17",588,30,1,0,False,"failed",1,"2025-04-25 02:38:55.231682","0.102","0.4","0.2","0.234"
"30c3886c-a9bb-4243-a3c3-74adbdbc22d1","USER_30","Player_30",566,46,4,0,False,"failed",1,"2025-04-25 03:43:46.996141","0.4227","0.08","0.8","0.4342"
"4041bb4b-e00f-4091-8052-046cad4f9e2e","USER_39","Player_39",312,7,3,0,False,"exit",1,"2025-04-25 12:32:38.989177","0.444","0.86","0.6","0.6347"
"b50c69b1-7151-4d6f-aaba-870767da72ff","USER_23","Player_23",64,24,3,0,False,"exit",1,"2025-04-25 13:24:46.86653","0.568","0.52","0.6","0.5627"
"156203f2-12d0-42df-8866-0b9aa53a57ff","USER_17","Player_17",842,0,5,1,True,"summit",1,"2025-04-25 15:41:07.327027","0.2983","1","1","0.7661"
"9828b78c-bfa8-41f0-9497-e5babd12d7b9","USER_41","Player_41",443,12,4,0,False,"exit",1,"2025-04-25 16:15:06.349741","0.5047","0.76","0.8","0.6882"
"1234e6ee-1e71-4820-9187-d872421c47eb","USER_37","Player_37",88,46,3,0,False,"failed",1,"2025-04-26 01:58:25.310298","0.556","0.08","0.6","0.412"
"bba0d941-b160-4f6e-8c71-6c649f39e9d0","USER_31","Player_31",635,21,1,0,False,"exit",1,"2025-04-26 11:50:14.625729","0.0942","0.58","0.2","0.2914"
"bf94f82c-17f7-4278-b761-3fe0e658e0f8","USER_44","Player_44",652,1,5,1,True,"summit",1,"2025-04-26 14:09:37.870638","0.4567","0.98","1","0.8122"
"48193a2a-80d8-4e46-a167-39a1997f551f","USER_3","Player_3",234,24,1,0,False,"exit",1,"2025-04-26 20:15:25.861707","0.161","0.52","0.2","0.2937"
"987e4ccc-2a7d-4c7c-9dab-ba658d7ae7c6","USER_18","Player_18",888,4,2,0,False,"exit",1,"2025-04-26 21:57:28.70176","0.104","0.92","0.4","0.4747"
"0ae50abd-c5c5-4b97-89d0-60a7647ea38d","USER_23","Player_23",274,17,4,0,False,"exit",1,"2025-04-27 05:29:14.489025","0.6173","0.66","0.8","0.6924"
"f7a0217c-ef73-464f-baa3-c47029a88e13","USER_7","Player_7",546,23,2,0,False,"exit",1,"2025-04-27 12:34:21.376094","0.218","0.54","0.4","0.386"
"814d63ae-ac48-43ae-a225-41c0f9456d89","USER_30","Player_30",234,6,3,0,False,"exit",1,"2025-04-27 21:21:51.704628","0.483","0.88","0.6","0.6543"
"62ef36c9-b93c-4352-a24e-7302a2a9efc0","3257447993","Clamsxeny",295,10,1,0,False,"exit",1,"2025-04-27 22:38:04.681206","0.1508","0.8","0.2","0.3836"
"99b7d92a-6032-43f5-9867-4371fdeddafb","USER_8","Player_8",172,7,1,0,False,"exit",1,"2025-04-27 22:49:58.985364","0.1713","0.86","0.2","0.4104"
"458b4148-6c5b-4292-845f-ef46db109b6b","USER_18","Player_18",327,2,2,0,False,"exit",1,"2025-04-28 05:10:09.560356","0.291","0.96","0.4","0.5503"
"89e1ac87-a84a-4980-ba81-cf693db28e2e","USER_21","Player_21",98,2,2,0,False,"exit",1,"2025-04-28 20:47:58.192765","0.3673","0.96","0.4","0.5758"
"80e8db11-02d6-4d0b-acb7-d4cd63d82661","USER_46","Player_46",353,4,1,0,False,"exit",1,"2025-04-29 08:38:59.082764","0.1412","0.92","0.2","0.4204"
"9a8917c7-70ca-46d9-bcbe-ef615cca8228","USER_33","Player_33",533,24,4,0,False,"exit",1,"2025-04-29 08:40:10.714264","0.4447","0.52","0.8","0.5882"
"88acd197-701f-467f-8ae4-7578abb817a3","10876608988","simplybren_40",510,23,2,0,False,"exit",1,"2025-04-29 09:56:27.580317","0.23","0.54","0.4","0.39"
"33b66166-18f0-44da-812d-60d688cfc69c","USER_24","Player_24",412,17,4,0,False,"exit",1,"2025-04-29 18:34:26.203825","0.5253","0.66","0.8","0.6618"
"693b035b-4783-404a-a0d0-ab5c2240a22f","USER_1","Player_1",192,39,4,0,False,"failed",1,"2025-04-30 11:18:27.99583","0.672","0.22","0.8","0.564"
"22672670-9f71-41c5-9ffb-586ea50f479c","USER_18","Player_18",631,23,5,1,True,"summit",1,"2025-04-30 13:48:49.401137","0.4742","0.54","1","0.6714"
"36fcb807-1465-4c4d-92e3-3f38fc643cfb","USER_8","Player_8",96,10,2,0,False,"exit",1,"2025-04-30 16:45:07.486388","0.368","0.8","0.4","0.5227"
"1da7927d-8170-4337-a7f4-49b4df77dc80","USER_44","Player_44",484,8,2,0,False,"exit",1,"2025-05-01 07:44:59.234308","0.2387","0.84","0.4","0.4929"
"ffe2e106-e07f-474c-a7fb-d3a69f0fc680","USER_23","Player_23",568,18,4,0,False,"exit",1,"2025-05-01 12:56:43.738323","0.4213","0.64","0.8","0.6204"
"6cea9479-aef0-46f5-9458-0dc2b39425af","USER_13","Player_13",809,12,3,0,False,"exit",1,"2025-05-01 14:16:25.395801","0.1955","0.76","0.6","0.5185"
"0df01f98-e55e-4c58-88cc-00f045e24880","3257447993","Clamsxeny",122,20,5,1,True,"summit",1,"2025-05-01 14:26:29.510432","0.8983","0.6","1","0.8328"
"36f8ffef-fe64-40d4-80bc-653e7d61111a","USER_16","Player_16",261,15,5,1,True,"summit",1,"2025-05-01 14:47:50.235259","0.7825","0.7","1","0.8275"
"c6105a22-f314-48a3-899c-1bfc6d131339","USER_49","Player_49",280,12,3,0,False,"exit",1,"2025-05-02 05:07:06.207436","0.46","0.76","0.6","0.6067"
"dfd3bddb-591b-4fcf-9b33-a3370321619a","USER_7","Player_7",476,0,1,0,False,"exit",1,"2025-05-02 06:14:24.354886","0.1207","1","0.2","0.4402"
"5a55cbc2-62ce-4210-9fa2-68a0e0927011","USER_25","Player_25",646,5,5,1,True,"summit",1,"2025-05-03 07:47:28.169579","0.4617","0.9","1","0.7872"
"b7cd6681-8736-43e3-a718-6b83998cb9cd","USER_31","Player_31",295,24,5,1,True,"summit",1,"2025-05-03 16:43:03.29606","0.7542","0.52","1","0.7581"
"9374d9b9-bed6-4f30-9e65-1d14f8beac9c","USER_40","Player_40",431,4,1,0,False,"exit",1,"2025-05-03 21:37:44.959211","0.1282","0.92","0.2","0.4161"
"8451009f-05fb-4659-80fc-22d982b8d164","USER_45","Player_45",803,11,5,1,True,"summit",1,"2025-05-03 23:08:12.195584","0.3308","0.78","1","0.7036"
"dc207ba9-ec17-4f71-9999-2b77208379f8","USER_22","Player_22",358,22,4,0,False,"exit",1,"2025-05-04 05:27:41.087176","0.5613","0.56","0.8","0.6404"
"41c90ffe-4d1a-4a4c-8d34-7f83ed1417ce","USER_46","Player_46",219,20,5,1,True,"summit",1,"2025-05-05 05:24:39.845424","0.8175","0.6","1","0.8058"
"ed761de7-c5db-4924-8a61-f4f9fe6bceec","USER_1","Player_1",180,7,3,0,False,"exit",1,"2025-05-06 05:19:59.750272","0.51","0.86","0.6","0.6567"
"7124402b-82c9-4d7b-8115-220c6dca3b11","USER_34","Player_34",720,0,5,1,True,"summit",1,"2025-05-06 09:44:19.112375","0.4","1","1","0.8"
"87372951-cfc7-4443-be74-16fa7c357638","USER_11","Player_11",555,11,5,1,True,"summit",1,"2025-05-06 10:36:14.385964","0.5375","0.78","1","0.7725"
"37ee2858-330d-49ad-bcea-e58dda14f02c","USER_18","Player_18",259,2,5,1,True,"summit",1,"2025-05-06 23:22:26.85909","0.7842","0.96","1","0.9147"
"8ee26507-3ce7-407a-bc6f-14f14605f3f8","USER_3","Player_3",485,8,1,0,False,"exit",1,"2025-05-07 03:49:50.320803","0.1192","0.84","0.2","0.3864"
"9fd5fb14-0084-4b2c-bb2f-b6aa9dc13148","USER_11","Player_11",514,9,4,0,False,"exit",1,"2025-05-07 09:09:22.262707","0.4573","0.82","0.8","0.6924"
"f3e5cab3-7ebc-409d-8a4f-2299b560bbad","USER_36","Player_36",131,25,3,0,False,"failed",1,"2025-05-07 15:44:02.624218","0.5345","0.5","0.6","0.5448"
"1306f9de-b2f9-42bf-a326-16dc73acaa5e","USER_22","Player_22",1112,22,3,0,False,"unknown",1,"2025-05-07 20:23:35.699048","0.044","0.56","0.6","0.4013"
"cd2238da-51ef-482f-ba34-0315171d1983","USER_43","Player_43",362,25,1,0,False,"failed",1,"2025-05-08 04:24:18.739557","0.1397","0.5","0.2","0.2799"
"bf2ce9ce-0808-40f6-b3e4-00f5c7a7ba4d","USER_47","Player_47",286,6,4,0,False,"exit",1,"2025-05-09 03:38:24.673786","0.6093","0.88","0.8","0.7631"
"643cca91-44dd-4b24-bbcc-7688dcf69d99","USER_46","Player_46",744,23,3,0,False,"exit",1,"2025-05-09 14:27:30.998387","0.228","0.54","0.6","0.456"
"c329255d-7981-45b4-9cc6-6612f891739a","USER_46","Player_46",859,23,4,0,False,"exit",1,"2025-05-09 18:13:44.173199","0.2273","0.54","0.8","0.5224"
"477fea7b-2e92-4aa3-9c43-b9a00d95f793","USER_47","Player_47",459,24,1,0,False,"exit",1,"2025-05-09 21:09:05.917822","0.1235","0.52","0.2","0.2812"
"de516f15-1403-416f-a1e2-3e27788284c6","USER_4","Player_4",183,9,2,0,False,"exit",1,"2025-05-10 00:20:13.194461","0.339","0.82","0.4","0.5197"
"7d43c153-06ef-41d2-a230-8ff913e1b832","USER_15","Player_15",166,41,1,0,False,"failed",1,"2025-05-10 02:20:00.717805","0.1723","0.18","0.2","0.1841"
"0bed7d73-269a-4c2b-bcf3-2d2cdfe709bd","USER_4","Player_4",403,17,1,0,False,"exit",1,"2025-05-10 05:35:11.370938","0.1328","0.66","0.2","0.3309"
"8cc7a74e-0e4d-4982-8d30-d581e14c804c","USER_38","Player_38",455,11,4,0,False,"exit",1,"2025-05-10 07:40:07.145526","0.4967","0.78","0.8","0.6922"
"081f84cf-833a-4a0e-971b-ffba87f1c1d4","USER_17","Player_17",711,12,2,0,False,"exit",1,"2025-05-10 09:34:30.327809","0.163","0.76","0.4","0.441"
"fc105765-d3b7-405d-839a-c5cbec0310f1","USER_38","Player_38",693,9,2,0,False,"exit",1,"2025-05-11 01:54:41.12816","0.169","0.82","0.4","0.463"
"613cc4c6-b72e-4d73-8d0f-63b93e4a7404","USER_42","Player_42",504,19,4,0,False,"exit",1,"2025-05-11 05:28:38.339531","0.464","0.62","0.8","0.628"
"96ffc9d8-6cb8-4bad-af56-4270253f336a","USER_46","Player_46",424,13,1,0,False,"exit",1,"2025-05-11 05:30:44.14921","0.1293","0.74","0.2","0.3564"
"e7848d0d-d9ae-4c34-876e-449e9a097497","USER_9","Player_9",1092,34,3,0,False,"failed",1,"2025-05-11 06:29:30.212963","0.054","0.32","0.6","0.3247"
"a269b8d7-277e-4f2c-8579-d801b1c7f78a","USER_31","Player_31",957,10,2,0,False,"unknown",1,"2025-05-11 20:01:59.135963","0.081","0.8","0.4","0.427"
"34afc376-2d35-4b02-86cf-1fd7decfddbc","USER_37","Player_37",699,2,2,0,False,"exit",1,"2025-05-11 20:47:38.975349","0.167","0.96","0.4","0.509"
"327c5383-f138-40f3-a787-521ebc131404","USER_46","Player_46",599,22,4,0,False,"exit",1,"2025-05-11 21:16:12.803626","0.4007","0.56","0.8","0.5869"
"8aaef73d-2ac6-44ce-838a-0d8316b7daa1","USER_41","Player_41",604,4,4,0,False,"exit",1,"2025-05-12 00:48:48.158825","0.3973","0.92","0.8","0.7058"
"a08f6f31-5f9c-496b-96cb-5ad0129cefe4","USER_40","Player_40",65,10,4,0,False,"exit",1,"2025-05-12 01:38:17.512802","0.7567","0.8","0.8","0.7856"
"405f3cb3-84de-4c43-8c5b-4a1113fc041d","USER_29","Player_29",448,4,4,0,False,"exit",1,"2025-05-12 10:14:36.347342","0.5013","0.92","0.8","0.7404"
"3c3f5534-e736-4661-bf9e-489c2668baf1","USER_30","Player_30",897,0,4,0,False,"exit",1,"2025-05-12 12:33:45.001763","0.202","1","0.8","0.6673"
"1ba0b3b1-1836-4722-8a61-193016f9e9ae","USER_4","Player_4",851,7,4,0,False,"exit",1,"2025-05-12 20:22:32.042444","0.2327","0.86","0.8","0.6309"
"8d3ac7e5-b81d-4482-8c48-2cbf0826db2f","USER_16","Player_16",564,18,4,0,False,"exit",1,"2025-05-13 03:33:55.975253","0.424","0.64","0.8","0.6213"
"d4f414a7-faf6-4511-93e4-a87ca53f78ec","USER_5","Player_5",278,50,4,0,False,"failed",1,"2025-05-13 04:47:22.968961","0.6147","0","0.8","0.4716"
"be1e86e0-ade1-4f4d-9d79-1e75f45be5c4","USER_7","Player_7",563,10,4,0,False,"exit",1,"2025-05-13 10:49:26.310112","0.4247","0.8","0.8","0.6749"
"e038d276-2508-4237-8bcd-824738c05db1","USER_33","Player_33",537,6,4,0,False,"exit",1,"2025-05-13 16:06:21.290639","0.442","0.88","0.8","0.7073"
"43bf624d-86d3-457e-bad2-6811ff7c1abe","USER_14","Player_14",78,5,5,1,True,"summit",1,"2025-05-13 20:38:09.983503","0.935","0.9","1","0.945"
"443393a5-97dd-4bd4-97fe-03d1535e824c","USER_45","Player_45",328,25,4,0,False,"failed",1,"2025-05-14 06:07:27.434919","0.5813","0.5","0.8","0.6271"
"c678edb9-fe89-4d1e-a5bd-6873b6ff07b5","USER_8","Player_8",206,9,5,1,True,"summit",1,"2025-05-14 10:53:27.214355","0.8283","0.82","1","0.8828"
"9aca4eee-21ed-49b8-9034-2f5c55e82604","USER_9","Player_9",307,11,3,0,False,"exit",1,"2025-05-14 16:39:56.844545","0.4465","0.78","0.6","0.6088"
"d48ddee4-1fa1-4e4e-a697-336f06b7628e","USER_17","Player_17",770,29,4,0,False,"failed",1,"2025-05-14 16:47:01.132147","0.2867","0.42","0.8","0.5022"
"eb25b36e-f258-481a-8e17-dcfa0aa5ca2b","USER_24","Player_24",379,22,4,0,False,"exit",1,"2025-05-15 07:28:03.887739","0.5473","0.56","0.8","0.6358"
"fe6fe53c-b7c1-40b0-8750-97b66a88ee4f","USER_11","Player_11",133,50,4,0,False,"failed",1,"2025-05-15 10:28:38.720082","0.7113","0","0.8","0.5038"
"2ec142b1-8a32-44d0-ba30-0f6902890748","USER_20","Player_20",823,10,4,0,False,"exit",1,"2025-05-15 14:53:41.827335","0.2513","0.8","0.8","0.6171"
"ec86a8c7-10dd-4a5c-a094-4d4c50c7e214","USER_49","Player_49",180,19,1,0,False,"exit",1,"2025-05-15 19:15:32.967498","0.17","0.62","0.2","0.33"
"4e39bd51-7b21-4062-a20a-706396a3bb46","USER_30","Player_30",616,7,2,0,False,"exit",1,"2025-05-15 21:02:15.906431","0.1947","0.86","0.4","0.4849"
"02003dfb-d303-40f7-8676-23a5784197df","USER_4","Player_4",708,4,3,0,False,"exit",1,"2025-05-16 03:41:50.609127","0.246","0.92","0.6","0.5887"
"22925e59-be4e-4591-a28e-9a813fb1e7f3","USER_45","Player_45",112,7,4,0,False,"exit",1,"2025-05-16 07:54:54.684389","0.7253","0.86","0.8","0.7951"
"7c387f70-ed46-460c-a98f-be10a1e1c792","USER_23","Player_23",273,10,3,0,False,"exit",1,"2025-05-16 08:59:33.017476","0.4635","0.8","0.6","0.6212"
"4cb46c5d-8c32-42a5-8989-bb625698a2b6","USER_12","Player_12",409,6,3,0,False,"exit",1,"2025-05-16 16:35:33.624896","0.3955","0.88","0.6","0.6252"
"7c3d1a95-5ab3-4d38-a7a0-52a9d5a286f5","USER_26","Player_26",663,12,2,0,False,"exit",1,"2025-05-18 02:12:16.269692","0.179","0.76","0.4","0.4463"
"19a51600-229f-4b8c-a8cc-635330fe4fba","USER_7","Player_7",543,37,5,1,True,"summit",1,"2025-05-18 15:55:24.107956","0.5475","0.26","1","0.6025"
"60833f39-bdbb-4e75-b15c-88b2c4d2b6f7","USER_19","Player_19",470,9,5,1,True,"summit",1,"2025-05-18 17:32:03.774774","0.6083","0.82","1","0.8094"
"0598df3e-98a5-48e1-b636-2625481647e6","USER_31","Player_31",593,50,5,1,True,"summit",1,"2025-05-19 07:05:27.277767","0.5058","0","1","0.5019"
"7db83332-0a03-4f5f-b163-78131fad2cef","USER_17","Player_17",163,19,1,0,False,"exit",1,"2025-05-19 09:19:59.276634","0.1728","0.62","0.2","0.3309"
"6feb67fc-eceb-4c73-b957-dc5f5aea745d","USER_37","Player_37",825,36,3,0,False,"failed",1,"2025-05-19 09:22:35.630216","0.1875","0.28","0.6","0.3558"
"4550e94a-e9a8-42b6-9552-a4c7db0cbca9","USER_30","Player_30",185,10,2,0,False,"exit",1,"2025-05-19 10:28:15.537794","0.3383","0.8","0.4","0.5128"
"a8753bb0-d44d-4a50-8f1e-5169618790e8","USER_48","Player_48",353,11,4,0,False,"exit",1,"2025-05-19 11:03:29.383822","0.5647","0.78","0.8","0.7149"
"53394987-bfad-4035-bc66-d624bd137abf","USER_13","Player_13",449,5,5,1,True,"summit",1,"2025-05-19 16:27:55.429213","0.6258","0.9","1","0.8419"
"8381d402-c5b2-46d3-a30c-380354da22a2","USER_14","Player_14",438,20,3,0,False,"exit",1,"2025-05-19 18:44:15.443345","0.381","0.6","0.6","0.527"
"1e67dcfb-4cca-4cdb-851c-b9cb291e0ef2","USER_25","Player_25",616,6,5,1,True,"summit",1,"2025-05-20 06:34:41.010825","0.4867","0.88","1","0.7889"
"b2a84051-0f68-4d46-967c-7d3db26f6d5b","USER_27","Player_27",218,19,2,0,False,"exit",1,"2025-05-20 08:23:47.757907","0.3273","0.62","0.4","0.4491"
"b8c73c1b-4c72-46e5-82e4-8f911f7c5943","USER_4","Player_4",270,10,3,0,False,"exit",1,"2025-05-20 19:16:27.232897","0.465","0.8","0.6","0.6217"
"abc5582c-f465-40a2-84b4-e8fa24ac1167","USER_48","Player_48",662,45,4,0,False,"failed",1,"2025-05-21 03:39:27.895917","0.3587","0.1","0.8","0.4196"
"188a647d-2a74-4ce7-960c-459dc828c6dc","10876608988","simplybren_40",899,0,1,0,False,"exit",1,"2025-05-21 06:53:02.367173","0.0502","1","0.2","0.4167"
"bcf0efe2-e4fc-4878-9eca-e2c816e974c8","USER_5","Player_5",185,7,5,1,True,"summit",1,"2025-05-21 14:03:28.801471","0.8458","0.86","1","0.9019"
"79afc30c-9074-454a-ac98-f11e7761e9cc","USER_6","Player_6",487,29,3,0,False,"failed",1,"2025-05-21 20:16:36.789165","0.3565","0.42","0.6","0.4588"
"5738ec1f-5494-4f2c-8b44-540ace6b7253","USER_1","Player_1",251,45,4,0,False,"failed",1,"2025-05-22 08:47:08.891861","0.6327","0.1","0.8","0.5109"
"4a968fc0-6b2c-4ba9-aba9-2e4a9521d759","USER_16","Player_16",375,8,4,0,False,"exit",1,"2025-05-22 12:19:28.945228","0.55","0.84","0.8","0.73"
"92eaa275-1f87-4b7a-93d2-ec67bfe60dba","USER_8","Player_8",713,6,5,1,True,"summit",1,"2025-05-22 16:04:37.143731","0.4058","0.88","1","0.7619"
"c52d0d70-71c2-4ec7-9d19-12cc919b23ec","USER_16","Player_16",103,13,1,0,False,"exit",1,"2025-05-23 01:54:20.4544","0.1828","0.74","0.2","0.3743"
"a2bee229-9c62-4018-8d05-e9a4b9f13023","USER_26","Player_26",216,11,3,0,False,"exit",1,"2025-05-23 16:24:03.355498","0.492","0.78","0.6","0.624"
"740d1bd8-3e77-4a93-b13d-7ad36c35d501","USER_25","Player_25",437,11,3,0,False,"exit",1,"2025-05-23 18:29:19.381583","0.3815","0.78","0.6","0.5872"
"5ae20af7-3e55-48d4-9666-cc4f30951523","USER_47","Player_47",694,0,2,0,False,"exit",1,"2025-05-23 23:05:57.098535","0.1687","1","0.4","0.5229"
"46cc5826-8184-4526-8fc9-f1a98f703a1b","10876608988","simplybren_40",541,11,4,0,False,"exit",1,"2025-05-24 02:08:51.302335","0.4393","0.78","0.8","0.6731"
"ad93edc6-6bd0-40a9-9320-5b59746a4165","USER_9","Player_9",1110,4,3,0,False,"unknown",1,"2025-05-24 05:11:27.293277","0.045","0.92","0.6","0.5217"
"f8ff6b4c-acd0-4785-a204-81ac965ad3b9","USER_14","Player_14",299,38,5,1,True,"summit",1,"2025-05-24 06:33:55.77328","0.7508","0.24","1","0.6636"
"e93ec205-e529-4481-8325-e2ffd0445e75","USER_37","Player_37",195,22,4,0,False,"exit",1,"2025-05-24 06:39:33.603366","0.67","0.56","0.8","0.6767"
"a2371578-6de9-4668-9d9d-929fd6e96b6a","USER_38","Player_38",136,8,3,0,False,"exit",1,"2025-05-24 15:13:05.861966","0.532","0.84","0.6","0.6573"
"2a8607cf-2c93-44a5-9e25-455a080469b4","USER_47","Player_47",463,5,3,0,False,"exit",1,"2025-05-25 10:35:14.582035","0.3685","0.9","0.6","0.6228"
"f12ebcc0-d57d-4b42-a531-5723076b23c9","10876608988","simplybren_40",104,10,2,0,False,"exit",1,"2025-05-25 11:21:55.07027","0.3653","0.8","0.4","0.5218"
"94bb80da-1319-4fe8-8ffd-0bad449dd42a","USER_26","Player_26",267,25,5,1,True,"summit",1,"2025-05-25 14:56:10.330596","0.7775","0.5","1","0.7592"
"be667e3c-a369-4de4-8d8b-5d67d17832d8","USER_22","Player_22",868,7,4,0,False,"exit",1,"2025-05-26 00:17:12.093846","0.2213","0.86","0.8","0.6271"
"16cc2b17-cb87-413b-826d-c567a8df3a16","USER_41","Player_41",233,17,3,0,False,"exit",1,"2025-05-26 02:14:42.835169","0.4835","0.66","0.6","0.5812"
"757db482-5a95-4dbb-9854-2b86fb5f6ae5","USER_33","Player_33",208,6,4,0,False,"exit",1,"2025-05-26 12:18:05.402385","0.6613","0.88","0.8","0.7804"
"dc5d5b0c-1279-4db3-b4a1-5f6c8da60bb8","USER_10","Player_10",379,3,1,0,False,"exit",1,"2025-05-27 06:33:35.973027","0.1368","0.94","0.2","0.4256"
"41541414-a27b-4617-9e0a-9725f4cf9e43","USER_18","Player_18",226,18,5,1,True,"summit",1,"2025-05-27 07:53:54.160146","0.8117","0.64","1","0.8172"
"e02465b4-5ff0-49b1-b8a6-f9ef4db93f5a","USER_25","Player_25",214,27,2,0,False,"failed",1,"2025-05-29 04:11:19.20751","0.3287","0.46","0.4","0.3962"
"b106b49d-bf6a-45f3-b2dc-1ae3e28818cb","USER_13","Player_13",218,0,3,0,False,"exit",1,"2025-05-29 10:14:43.679194","0.491","1","0.6","0.697"
"b36747ec-b289-42fc-bc2d-e27f87682289","USER_8","Player_8",136,8,3,0,False,"exit",1,"2025-05-29 11:21:34.365606","0.532","0.84","0.6","0.6573"
"b7fd6236-b7cb-4f30-877f-28e4e113ecb4","USER_36","Player_36",848,9,2,0,False,"exit",1,"2025-05-29 16:27:14.343048","0.1173","0.82","0.4","0.4458"
"8d363bc5-b48f-4d74-8111-92950d9144da","USER_5","Player_5",971,13,3,0,False,"unknown",1,"2025-05-29 19:34:52.87292","0.1145","0.74","0.6","0.4848"
"bd8fa137-808e-40b5-876b-fd8f86830fd1","USER_16","Player_16",463,12,3,0,False,"exit",1,"2025-05-29 23:41:52.302968","0.3685","0.76","0.6","0.5762"
"0b6b156f-8705-4006-bb01-60887b845c5e","USER_46","Player_46",495,25,4,0,False,"failed",1,"2025-05-30 01:53:52.789963","0.47","0.5","0.8","0.59"
"948d70ba-5497-4c04-a477-8255166917ec","USER_6","Player_6",1195,11,1,0,False,"unknown",1,"2025-05-30 02:29:17.346167","0.0008","0.78","0.2","0.3269"
"d3c53020-6170-45b9-96df-be7b7f608425","USER_12","Player_12",414,39,2,0,False,"failed",1,"2025-05-30 07:57:25.034923","0.262","0.22","0.4","0.294"
"85539363-58f6-4052-b2ff-e500d0d20e6e","USER_15","Player_15",209,36,3,0,False,"failed",1,"2025-05-30 18:14:07.148797","0.4955","0.28","0.6","0.4585"
"6282f067-86b5-4213-ac1e-6ecfd92d0fd2","USER_42","Player_42",161,1,5,1,True,"summit",1,"2025-05-30 22:38:32.926943","0.8658","0.98","1","0.9486"
"58800462-ab8d-4c7f-b6be-ba3aeb2e8448","USER_16","Player_16",305,15,4,0,False,"exit",1,"2025-05-31 07:55:05.098763","0.5967","0.7","0.8","0.6989"
"526d0a36-13f7-4452-920b-f38d07896ef3","USER_1","Player_1",83,15,4,0,False,"exit",1,"2025-05-31 09:44:41.974475","0.7447","0.7","0.8","0.7482"
"e79f19f9-c482-41ac-b4d2-0c870a1424e6","USER_11","Player_11",810,18,4,0,False,"exit",1,"2025-06-01 05:51:18.138594","0.26","0.64","0.8","0.5667"
"732b8846-705a-4dd8-9f56-bcb1f538ecb8","USER_3","Player_3",646,5,4,0,False,"exit",1,"2025-06-01 05:53:24.634684","0.3693","0.9","0.8","0.6898"
"e5b8fb79-d2fe-4235-8265-743acc460d13","USER_25","Player_25",237,8,4,0,False,"exit",1,"2025-06-01 06:36:50.509591","0.642","0.84","0.8","0.7607"
"5330d75f-acf1-4133-8fc8-1540f35d58bd","USER_28","Player_28",421,0,2,0,False,"exit",1,"2025-06-02 05:26:31.967141","0.2597","1","0.4","0.5532"
"0db57acf-4f9c-459d-a621-8912d410c07a","USER_48","Player_48",544,17,2,0,False,"exit",1,"2025-06-02 21:35:24.397736","0.2187","0.66","0.4","0.4262"
"860f83b4-a9e4-4738-8849-3f1ed41c689b","USER_22","Player_22",610,17,2,0,False,"exit",1,"2025-06-03 01:48:26.657974","0.1967","0.66","0.4","0.4189"
"ebd8729c-9fc3-4704-9711-b21060c39011","USER_18","Player_18",398,24,2,0,False,"exit",1,"2025-06-03 02:14:59.442517","0.2673","0.52","0.4","0.3958"
"19e1bb07-aa31-4f63-a1ca-5f6d4c51ab77","USER_3","Player_3",1062,10,4,0,False,"unknown",1,"2025-06-03 09:34:35.457139","0.092","0.8","0.8","0.564"
"d5d5d135-9f2f-4866-ad7e-c7fc17d8d17b","USER_12","Player_12",376,4,2,0,False,"exit",1,"2025-06-03 10:58:12.649961","0.2747","0.92","0.4","0.5316"
"e144a53e-0ae6-43c5-a5ca-3636c4f878e8","USER_33","Player_33",273,0,1,0,False,"exit",1,"2025-06-03 16:25:45.1688","0.1545","1","0.2","0.4515"
"44731a01-813e-4221-9a1e-57189659680e","USER_14","Player_14",679,10,2,0,False,"exit",1,"2025-06-03 17:57:20.285407","0.1737","0.8","0.4","0.4579"
"fbcab421-9d8b-402d-b603-2bbba936f42f","USER_30","Player_30",512,6,2,0,False,"exit",1,"2025-06-03 20:35:38.402254","0.2293","0.88","0.4","0.5031"
"dd3d604b-68e7-440e-a05a-8aa1ee4aca0e","USER_19","Player_19",306,14,2,0,False,"exit",1,"2025-06-03 21:22:28.305701","0.298","0.72","0.4","0.4727"
"bf4b283f-ff5c-4d62-990f-a85a00cb5746","USER_11","Player_11",648,22,3,0,False,"exit",1,"2025-06-03 23:29:14.914283","0.276","0.56","0.6","0.4787"
"61ef1fe3-3d85-4290-a647-76da2b91bb22","USER_2","Player_2",275,9,3,0,False,"exit",1,"2025-06-04 14:50:42.08858","0.4625","0.82","0.6","0.6275"
"7d73f8b3-0a2d-4512-a4d2-6c2be654b875","USER_40","Player_40",688,9,5,1,True,"summit",1,"2025-06-04 17:31:36.191154","0.4267","0.82","1","0.7489"
"5e12014e-7314-4425-818d-d7ff2d515230","USER_32","Player_32",93,4,5,1,True,"summit",1,"2025-06-04 21:08:39.542969","0.9225","0.92","1","0.9475"
"2da477d3-aa6b-4859-9c1f-b932d806f2f1","USER_5","Player_5",642,21,5,1,True,"summit",1,"2025-06-04 21:15:57.715231","0.465","0.58","1","0.6817"
"32f2d73a-95cf-416d-86a1-4d372f22c92a","USER_23","Player_23",1143,19,4,0,False,"unknown",1,"2025-06-05 03:07:07.467286","0.038","0.62","0.8","0.486"
"b465effb-3baa-4939-9e23-2689c604503d","3257447993","Clamsxeny",577,10,5,1,True,"summit",1,"2025-06-05 10:58:48.864257","0.5192","0.8","1","0.7731"
"373ffd2b-2c2c-4a2e-a1b6-fb4211aae1e0","USER_23","Player_23",582,6,3,0,False,"exit",1,"2025-06-05 19:25:38.370795","0.309","0.88","0.6","0.5963"
"65ea8059-27d7-4cfb-8612-c7c0ecd02896","USER_8","Player_8",261,29,5,1,True,"summit",1,"2025-06-05 21:02:26.680891","0.7825","0.42","1","0.7342"
"a9255f03-4985-4e00-8c10-8cc5c6d91bb2","USER_47","Player_47",596,16,3,0,False,"exit",1,"2025-06-06 06:21:20.826134","0.302","0.68","0.6","0.5273"
"43ef5947-1ed8-4a52-900c-22f97fe93cf5","USER_23","Player_23",694,25,4,0,False,"failed",1,"2025-06-06 16:44:09.584827","0.3373","0.5","0.8","0.5458"
"af13be21-42e2-435c-ab2d-da4cb3f3d44f","USER_7","Player_7",496,29,3,0,False,"failed",1,"2025-06-06 17:40:45.836554","0.352","0.42","0.6","0.4573"
"ff4fc721-70d8-421f-bc63-affe6ee8cdaa","USER_45","Player_45",331,6,2,0,False,"exit",1,"2025-06-06 21:07:42.498107","0.2897","0.88","0.4","0.5232"
"01196b04-fbb7-4b72-b45b-b4f2ec8149ab","USER_15","Player_15",363,12,3,0,False,"exit",1,"2025-06-07 07:56:49.53124","0.4185","0.76","0.6","0.5928"
"00db843f-04d3-4bee-b91f-239642a7e0dd","10876608988","simplybren_40",330,23,2,0,False,"exit",1,"2025-06-07 22:50:19.64929","0.29","0.54","0.4","0.41"
"f0d35ff5-2448-4448-aaf9-1cc99a95b876","USER_22","Player_22",201,11,3,0,False,"exit",1,"2025-06-08 08:31:15.325767","0.4995","0.78","0.6","0.6265"
"7ab7fbba-bd9b-416f-8620-be8942aa693b","USER_18","Player_18",630,22,4,0,False,"exit",1,"2025-06-08 13:40:38.046566","0.38","0.56","0.8","0.58"
"cc27fdc5-7283-4187-9d3a-1776983463c9","USER_44","Player_44",348,12,3,0,False,"exit",1,"2025-06-08 22:39:05.486714","0.426","0.76","0.6","0.5953"
"a05ec515-98aa-4027-a68e-b4f0020a5f7e","USER_7","Player_7",236,14,4,0,False,"exit",1,"2025-06-09 00:06:56.602699","0.6427","0.72","0.8","0.7209"
"90f51112-b409-49a9-aa4c-22fdbebaf966","USER_34","Player_34",307,21,3,0,False,"exit",1,"2025-06-09 10:24:37.844965","0.4465","0.58","0.6","0.5422"
"6d8b1f0e-e1fb-4922-8dac-9ac1c24f9536","USER_45","Player_45",493,11,2,0,False,"exit",1,"2025-06-09 14:48:26.53673","0.2357","0.78","0.4","0.4719"
"aed810e5-60d6-443b-9ce3-f1be51d4cad7","USER_10","Player_10",533,12,4,0,False,"exit",1,"2025-06-10 00:19:07.356965","0.4447","0.76","0.8","0.6682"
"174a143e-c619-470e-abc5-5bb79dfe2b22","USER_32","Player_32",404,17,4,0,False,"exit",1,"2025-06-10 08:50:04.098479","0.5307","0.66","0.8","0.6636"
"4950aff8-726e-49bc-84e4-2aa0606a2e12","USER_46","Player_46",229,4,5,1,True,"summit",1,"2025-06-10 18:46:18.539595","0.8092","0.92","1","0.9097"
"c0466a5a-30cf-415f-b938-4579b8da923b","USER_27","Player_27",275,16,5,1,True,"summit",1,"2025-06-11 07:47:44.370975","0.7708","0.68","1","0.8169"
"9b69aa8a-5ff1-4acc-b6e4-bc883192ce67","USER_5","Player_5",200,8,2,0,False,"exit",1,"2025-06-11 10:43:43.528534","0.3333","0.84","0.4","0.5244"
"2b03f55c-480f-4cc2-9a22-1d35786c4c83","USER_10","Player_10",475,35,1,0,False,"failed",1,"2025-06-11 11:03:34.389039","0.1208","0.3","0.2","0.2069"
"3bc50ff3-d3f7-444c-bb74-0c9f293e2f09","USER_8","Player_8",166,4,3,0,False,"exit",1,"2025-06-11 12:52:02.609896","0.517","0.92","0.6","0.679"
"0edac080-b292-4343-9333-4c6fd7ed3e18","USER_19","Player_19",1076,11,3,0,False,"unknown",1,"2025-06-11 15:09:40.497863","0.062","0.78","0.6","0.4807"
"68dee82c-8599-4652-9ddf-324c137a76bf","USER_21","Player_21",670,23,3,0,False,"exit",1,"2025-06-11 21:21:27.97476","0.265","0.54","0.6","0.4683"
"a064e6a5-c889-4f08-a160-90d090dfabb2","USER_45","Player_45",321,12,2,0,False,"exit",1,"2025-06-12 06:06:01.268672","0.293","0.76","0.4","0.4843"
"45a9a596-0c9d-4047-8605-796e339fe1d7","USER_25","Player_25",377,38,4,0,False,"failed",1,"2025-06-12 19:10:05.939917","0.5487","0.24","0.8","0.5296"
"e2b1e3b9-93f6-4b18-a37c-8bed2a3a2e9a","USER_50","Player_50",548,4,5,1,True,"summit",1,"2025-06-12 19:53:39.518905","0.5433","0.92","1","0.8211"
"4efaf870-42eb-43a8-b951-aadf7e605431","USER_7","Player_7",264,8,2,0,False,"exit",1,"2025-06-12 19:54:38.840413","0.312","0.84","0.4","0.5173"
"0d96c34a-e2a6-4e5b-b50e-c00f215c6e2b","USER_45","Player_45",1027,14,2,0,False,"unknown",1,"2025-06-12 22:23:05.648975","0.0577","0.72","0.4","0.3926"
"a6714c0f-c0fb-4e27-a0db-69e9bba62a68","USER_23","Player_23",218,12,3,0,False,"exit",1,"2025-06-13 00:25:44.912808","0.491","0.76","0.6","0.617"
"53bfb2b7-41ee-4fdb-a258-779426afc1c5","USER_45","Player_45",697,2,2,0,False,"exit",1,"2025-06-13 18:44:07.673545","0.1677","0.96","0.4","0.5092"
"fe615f16-b730-4752-a1a0-4f43f7643a35","USER_47","Player_47",454,21,3,0,False,"exit",1,"2025-06-14 17:16:35.082604","0.373","0.58","0.6","0.5177"
"43c06f54-e415-4a93-98f7-a925a398fa9f","USER_45","Player_45",700,24,2,0,False,"exit",1,"2025-06-14 17:35:17.476398","0.1667","0.52","0.4","0.3622"
"08aa4645-d85b-4753-8084-cbb528aa561b","USER_47","Player_47",1163,6,4,0,False,"unknown",1,"2025-06-14 21:49:41.654255","0.0247","0.88","0.8","0.5682"
"84628a16-1600-4560-9121-897eaf6f5d90","USER_32","Player_32",227,18,4,0,False,"exit",1,"2025-06-15 00:26:57.454702","0.6487","0.64","0.8","0.6962"
"19f58b5c-7147-4c33-ba0f-b830def819e5","USER_30","Player_30",511,10,3,0,False,"exit",1,"2025-06-15 03:33:53.403443","0.3445","0.8","0.6","0.5815"
"66d8f663-9a6d-481c-b310-eee675127cd7","USER_39","Player_39",316,12,4,0,False,"exit",1,"2025-06-15 03:35:46.717037","0.5893","0.76","0.8","0.7164"
"ca2c2832-1f7d-4023-9e2c-b09a34d77916","USER_35","Player_35",571,21,2,0,False,"exit",1,"2025-06-15 15:20:34.776187","0.2097","0.58","0.4","0.3966"
"2a27283c-17fc-4602-a775-2cfa64afa3ae","USER_20","Player_20",296,10,4,0,False,"exit",1,"2025-06-15 18:40:26.781572","0.6027","0.8","0.8","0.7342"
"74dec3ae-5377-49d3-ab64-f20967db8e4d","USER_43","Player_43",249,13,4,0,False,"exit",1,"2025-06-16 00:05:34.660082","0.634","0.74","0.8","0.7247"
"7916cc39-a092-4f1f-acda-e6e81bc41b55","USER_32","Player_32",186,30,2,0,False,"failed",1,"2025-06-16 07:33:55.133264","0.338","0.4","0.4","0.3793"
"c862c584-f170-49e8-b5d2-58a92b118496","10876608988","simplybren_40",771,10,5,1,True,"summit",1,"2025-06-16 11:10:34.316235","0.3575","0.8","1","0.7192"
"5c86ac9c-00ca-48fd-bd80-b037e126ca21","USER_23","Player_23",95,9,3,0,False,"exit",1,"2025-06-16 16:19:26.002477","0.5525","0.82","0.6","0.6575"
"e510b13a-bc6d-4fbe-b0a2-95671d255a8c","USER_19","Player_19",379,7,5,1,True,"summit",1,"2025-06-17 15:49:56.78459","0.6842","0.86","1","0.8481"
"7d49c31d-d37e-4541-b3d6-395d51eee5bc","USER_12","Player_12",872,4,5,1,True,"summit",1,"2025-06-18 19:02:39.257121","0.2733","0.92","1","0.7311"
"993506b9-bd65-4a11-b1dc-46dd4c18a989","USER_8","Player_8",793,20,1,0,False,"exit",1,"2025-06-19 01:27:20.49336","0.0678","0.6","0.2","0.2893"
"66eddac0-c41f-4739-9824-4c7f2b067d44","USER_36","Player_36",257,2,2,0,False,"exit",1,"2025-06-19 05:48:01.419376","0.3143","0.96","0.4","0.5581"
"3d86f16b-182f-4fec-9ace-b4bc6d3497ff","10876608988","simplybren_40",1127,9,1,0,False,"unknown",1,"2025-06-19 08:52:14.686083","0.0122","0.82","0.2","0.3441"
"9c5c86e1-acbc-45c5-9845-760bfc72bae3","USER_37","Player_37",128,25,3,0,False,"failed",1,"2025-06-19 09:15:36.035429","0.536","0.5","0.6","0.5453"
"bde76843-d7a6-46a7-84a1-72e88a374737","USER_48","Player_48",563,7,2,0,False,"exit",1,"2025-06-19 12:03:19.525361","0.2123","0.86","0.4","0.4908"
"bbe2bed9-fcde-4cc9-97e6-67ab2bd6879c","USER_13","Player_13",1128,12,2,0,False,"unknown",1,"2025-06-19 14:48:25.235822","0.024","0.76","0.4","0.3947"
"d1d0c9ea-bc4b-4aac-ba84-b8d71f5743ff","10876608988","simplybren_40",332,22,1,0,False,"exit",1,"2025-06-20 01:27:47.366909","0.1447","0.56","0.2","0.3016"
"3e0494a7-0a70-448d-b0e7-d93322071076","USER_42","Player_42",271,13,5,1,True,"summit",1,"2025-06-20 17:53:53.468872","0.7742","0.74","1","0.8381"
"8c21cd83-2e41-4698-ab8f-93ad54010752","USER_23","Player_23",396,0,5,1,True,"summit",1,"2025-06-22 03:35:59.875677","0.67","1","1","0.89"
"a96563c4-2689-4eb4-a6f2-fa2a24944e2b","USER_4","Player_4",207,30,3,0,False,"failed",1,"2025-06-22 04:00:40.956446","0.4965","0.4","0.6","0.4988"
"200aa745-d56a-4aef-9d95-f8d3638400f2","USER_49","Player_49",695,5,5,1,True,"summit",1,"2025-06-22 18:39:39.275661","0.4208","0.9","1","0.7736"
"f3ef235f-8c8d-4c1f-b31a-f1c3f4da6128","USER_34","Player_34",228,11,4,0,False,"exit",1,"2025-06-23 06:06:46.721125","0.648","0.78","0.8","0.7427"
"706357c9-83fa-4c5a-87a0-247a16f0b9b0","USER_8","Player_8",600,3,1,0,False,"exit",1,"2025-06-24 05:04:03.340847","0.1","0.94","0.2","0.4133"
"81bcbed1-ddb8-42a1-8b73-0e85920667e9","USER_27","Player_27",722,8,3,0,False,"exit",1,"2025-06-24 14:07:54.521366","0.239","0.84","0.6","0.5597"
"069c2b38-0cc2-4fd9-b4dd-d74c4debbe25","USER_37","Player_37",397,25,4,0,False,"failed",1,"2025-06-24 17:51:01.118631","0.5353","0.5","0.8","0.6118"
"70f8724a-0f98-4f0f-919e-69b8af8e2480","USER_24","Player_24",551,13,4,0,False,"exit",1,"2025-06-24 18:27:26.102292","0.4327","0.74","0.8","0.6576"
"9c4227e5-323e-48b2-9009-405dccfc2bc0","USER_14","Player_14",984,3,4,0,False,"unknown",1,"2025-06-25 09:50:46.013106","0.144","0.94","0.8","0.628"
"fdca281b-0b8a-4e06-aef3-75f8fc56720c","USER_14","Player_14",650,13,1,0,False,"exit",1,"2025-06-25 19:42:37.650747","0.0917","0.74","0.2","0.3439"
"47e65d07-7c19-40c5-800a-150865bd07b7","USER_30","Player_30",139,12,4,0,False,"exit",1,"2025-06-27 04:37:51.771457","0.7073","0.76","0.8","0.7558"
"5885df0f-6bd2-47a7-ad87-aeed7a9628a1","USER_31","Player_31",307,5,1,0,False,"exit",1,"2025-06-27 05:27:55.132986","0.1488","0.9","0.2","0.4163"
"51aad226-4a02-4106-b9c2-4c7c648c9040","3257447993","Clamsxeny",585,6,5,1,True,"summit",1,"2025-06-27 11:10:52.769404","0.5125","0.88","1","0.7975"
"71d3a935-f544-4e7b-864f-bf78c86401c7","USER_28","Player_28",413,5,4,0,False,"exit",1,"2025-06-28 08:27:59.687716","0.5247","0.9","0.8","0.7416"
"1bc9582f-85b4-4485-b0f0-639b36fd761d","USER_18","Player_18",1068,41,3,0,False,"failed",1,"2025-06-28 10:02:29.963749","0.066","0.18","0.6","0.282"
"a4d56ba8-d50a-4214-b573-c678a1f35fef","USER_47","Player_47",565,19,1,0,False,"exit",1,"2025-06-28 13:41:27.510758","0.1058","0.62","0.2","0.3086"
"ccf0d945-cdd2-4130-ba13-28df79e1dbfd","USER_34","Player_34",1189,36,5,1,True,"summit",1,"2025-06-28 21:43:24.612614","0.0092","0.28","1","0.4297"
"20df46e9-437d-48f5-be65-42ad9cf37b00","USER_46","Player_46",704,22,5,1,True,"summit",1,"2025-06-28 22:03:09.783014","0.4133","0.56","1","0.6578"
"df34ee54-3016-4400-950d-e3af7a46e5e5","USER_34","Player_34",553,50,1,0,False,"failed",1,"2025-06-29 09:04:47.291158","0.1078","0","0.2","0.1026"
"815ad97c-0088-47ca-a91e-7732b564356f","USER_20","Player_20",261,13,2,0,False,"exit",1,"2025-06-29 17:53:08.48159","0.313","0.74","0.4","0.4843"
"b16ad769-8877-4d08-9e14-36fda011f79d","USER_37","Player_37",105,25,3,0,False,"failed",1,"2025-06-29 18:18:38.694389","0.5475","0.5","0.6","0.5492"
"86552ba7-844e-47d8-bd80-268fea64944e","USER_24","Player_24",724,29,4,0,False,"failed",1,"2025-06-30 01:02:01.491911","0.3173","0.42","0.8","0.5124"
"bacbb300-51eb-4df8-8875-b5f9d2aef88e","USER_37","Player_37",586,6,1,0,False,"exit",1,"2025-06-30 06:12:41.171726","0.1023","0.88","0.2","0.3941"
"1109b5c4-1d15-4fd1-b2ac-2c50f5fa5bbe","USER_42","Player_42",852,25,5,1,True,"summit",1,"2025-06-30 12:38:20.948213","0.29","0.5","1","0.5967"
"582636ae-20f8-46e8-80ef-7fd9af76f76b","USER_21","Player_21",451,23,5,1,True,"summit",1,"2025-06-30 16:49:18.236294","0.6242","0.54","1","0.7214"
"9b9f63c1-f3aa-4f8d-b969-75b20a41ed05","USER_17","Player_17",754,29,2,0,False,"failed",1,"2025-06-30 20:25:13.258003","0.1487","0.42","0.4","0.3229"
"9f0e8406-e3c5-4111-9703-59ea153df477","USER_1","Player_1",807,1,1,0,False,"exit",1,"2025-07-01 07:05:26.688315","0.0655","0.98","0.2","0.4152"
"40b60c01-d6e3-4f11-9fdb-b402d63afff6","USER_14","Player_14",472,23,4,0,False,"exit",1,"2025-07-01 13:48:15.219837","0.4853","0.54","0.8","0.6084"
"4a563ee5-d3a9-4927-8904-75359b616c62","USER_48","Player_48",720,3,5,1,True,"summit",1,"2025-07-01 15:55:43.343213","0.4","0.94","1","0.78"
"0b1f3d03-5db9-4822-8200-c87f22598449","USER_8","Player_8",689,12,2,0,False,"exit",1,"2025-07-01 17:39:05.54548","0.1703","0.76","0.4","0.4434"
"f4da607e-1e1f-4eba-9b96-c572021e17c7","USER_17","Player_17",209,13,4,0,False,"exit",1,"2025-07-01 18:09:40.908046","0.6607","0.74","0.8","0.7336"
"1a4a3ff4-bc8d-440e-b42b-db157b889b49","USER_45","Player_45",977,10,2,0,False,"unknown",1,"2025-07-02 00:35:05.14139","0.0743","0.8","0.4","0.4248"
"5f72066e-7fb9-47b6-96cf-fd0a39095880","USER_30","Player_30",394,28,3,0,False,"failed",1,"2025-07-02 06:45:12.868917","0.403","0.44","0.6","0.481"
"8df8075d-2419-4a1e-9d42-2c528d03547e","USER_28","Player_28",311,15,3,0,False,"exit",1,"2025-07-02 06:59:28.544463","0.4445","0.7","0.6","0.5815"
"f4796cf2-54ed-4e28-abf6-152c8f343858","USER_34","Player_34",906,10,1,0,False,"unknown",1,"2025-07-02 09:49:11.710599","0.049","0.8","0.2","0.3497"
"458f4520-e9cf-4451-bcce-becded0adc4b","USER_47","Player_47",262,13,2,0,False,"exit",1,"2025-07-02 19:58:01.8217","0.3127","0.74","0.4","0.4842"
"beae20d9-1537-44f2-af92-ab4d304816a5","USER_37","Player_37",151,14,3,0,False,"exit",1,"2025-07-03 12:11:57.251948","0.5245","0.72","0.6","0.6148"
"fe5dc99b-c68d-41e7-a7ea-3e85a7d8885d","USER_32","Player_32",355,17,5,1,True,"summit",1,"2025-07-03 15:05:18.25874","0.7042","0.66","1","0.7881"
"2f605dda-1ecd-4302-8a94-ce4d8be13559","USER_35","Player_35",172,11,5,1,True,"summit",1,"2025-07-03 16:08:47.388393","0.8567","0.78","1","0.8789"
"9fd64244-9fcb-4490-8cd7-8d00ffad6669","USER_4","Player_4",304,30,1,0,False,"failed",1,"2025-07-03 18:38:40.231824","0.1493","0.4","0.2","0.2498"
"f936aa81-0f7c-4e0b-8129-e9a54d7c2fdf","USER_34","Player_34",227,3,3,0,False,"exit",1,"2025-07-04 15:23:47.096788","0.4865","0.94","0.6","0.6755"
"cdcf9a1f-fc54-4d7d-b00f-9ffc25476120","USER_29","Player_29",481,8,4,0,False,"exit",1,"2025-07-04 21:55:58.695537","0.4793","0.84","0.8","0.7064"
"c56bdfb1-3dfb-43c9-99bf-bf9452c5b4a6","USER_24","Player_24",490,7,5,1,True,"summit",1,"2025-07-05 23:06:47.242239","0.5917","0.86","1","0.8172"
"ebc8c4ac-ec66-4491-9d36-030052ad4625","USER_3","Player_3",615,8,2,0,False,"exit",1,"2025-07-06 00:14:45.665154","0.195","0.84","0.4","0.4783"
"9723567f-41d2-4600-97fc-6ce1fee68b44","3257447993","Clamsxeny",340,12,1,0,False,"exit",1,"2025-07-06 09:09:01.472445","0.1433","0.76","0.2","0.3678"
"9b2ae2b5-566f-43fd-8fa4-6aa7e0506771","USER_45","Player_45",513,38,2,0,False,"failed",1,"2025-07-06 10:12:59.074061","0.229","0.24","0.4","0.2897"
"32f33e1e-26f8-4f6a-a360-013491e50438","USER_33","Player_33",529,8,3,0,False,"exit",1,"2025-07-06 14:23:00.252121","0.3355","0.84","0.6","0.5918"
"80a50603-501c-4d23-8867-657159fb8acc","USER_3","Player_3",189,12,4,0,False,"exit",1,"2025-07-06 23:16:29.799604","0.674","0.76","0.8","0.7447"
"6224f6ac-9359-4fc8-a38f-23d1a6df42e6","USER_2","Player_2",841,23,2,0,False,"exit",1,"2025-07-06 23:40:25.185346","0.1197","0.54","0.4","0.3532"
"83ac2bc6-fd6b-4338-9445-935d87c3739a","USER_16","Player_16",441,16,3,0,False,"exit",1,"2025-07-06 23:52:55.29902","0.3795","0.68","0.6","0.5532"
"33e4aaf9-1ae3-4308-a765-9cb8862a7ae7","USER_50","Player_50",440,14,1,0,False,"exit",1,"2025-07-07 08:59:48.596616","0.1267","0.72","0.2","0.3489"
"edd65405-9c57-4373-8f29-460d2b7a545c","USER_11","Player_11",90,15,2,0,False,"exit",1,"2025-07-07 09:40:51.523817","0.37","0.7","0.4","0.49"
"0c501c92-f496-443c-bd5b-db0cbfe12604","USER_38","Player_38",185,6,3,0,False,"exit",1,"2025-07-08 04:55:11.023043","0.5075","0.88","0.6","0.6625"
"47f43f82-0e7c-4c9b-b00c-b2bf2c36a65e","USER_14","Player_14",884,25,1,0,False,"failed",1,"2025-07-08 09:48:07.893239","0.0527","0.5","0.2","0.2509"
"31d0eb69-25ef-47ed-b39e-24c50e6ecb94","USER_42","Player_42",429,10,4,0,False,"exit",1,"2025-07-08 15:46:35.088496","0.514","0.8","0.8","0.7047"
"fabdf47e-144a-4420-96b9-ca95f24931f3","USER_46","Player_46",306,2,4,0,False,"exit",1,"2025-07-08 19:33:59.644816","0.596","0.96","0.8","0.7853"
"0064a7d2-691e-435a-a82a-757d5c116b9a","USER_29","Player_29",403,11,1,0,False,"exit",1,"2025-07-09 06:57:05.544281","0.1328","0.78","0.2","0.3709"
"ab1bbe37-1b0a-4dd1-a3ac-85407ab3e584","USER_49","Player_49",847,8,1,0,False,"exit",1,"2025-07-09 07:21:03.453798","0.0588","0.84","0.2","0.3663"
"795f7828-a9a1-4341-8e75-8a4b94b12f85","USER_16","Player_16",193,11,4,0,False,"exit",1,"2025-07-09 08:13:29.170574","0.6713","0.78","0.8","0.7504"
"7ecafa12-eba0-4923-812f-190131ae1015","3257447993","Clamsxeny",233,18,1,0,False,"exit",1,"2025-07-09 10:10:14.235549","0.1612","0.64","0.2","0.3337"
"e5277399-d227-42bb-9d14-e652bd64aaae","USER_5","Player_5",301,36,3,0,False,"failed",1,"2025-07-09 13:33:09.274733","0.4495","0.28","0.6","0.4432"
"0c6bc8cc-f684-4d82-98ba-f464108bbcab","USER_23","Player_23",569,15,5,1,True,"summit",1,"2025-07-09 15:32:35.550383","0.5258","0.7","1","0.7419"
"e344e0e2-85eb-468a-a243-ed506fabac6a","USER_29","Player_29",258,46,3,0,False,"failed",1,"2025-07-09 20:02:43.658891","0.471","0.08","0.6","0.3837"
"246f0231-32be-471c-869a-9a59ecc437b5","USER_27","Player_27",251,16,5,1,True,"summit",1,"2025-07-09 21:01:38.710363","0.7908","0.68","1","0.8236"
"4bb39519-76ec-4c6f-8069-e555aa24e69a","USER_21","Player_21",446,50,2,0,False,"failed",1,"2025-07-09 23:30:30.855709","0.2513","0","0.4","0.2171"
"458bd872-b191-40f1-87dc-3a4d7b52797d","USER_45","Player_45",667,9,4,0,False,"exit",1,"2025-07-11 05:11:13.51218","0.3553","0.82","0.8","0.6584"
"b58ee484-7650-442f-87c5-5e3dde757edf","USER_35","Player_35",879,3,4,0,False,"exit",1,"2025-07-11 10:07:28.731591","0.214","0.94","0.8","0.6513"
"d8b4887d-d4e1-46b8-85e9-69c2268c77eb","USER_45","Player_45",458,12,1,0,False,"exit",1,"2025-07-11 10:26:14.615398","0.1237","0.76","0.2","0.3612"
"c712f2a5-2ded-4060-a2dc-e0f548ad09bf","USER_40","Player_40",118,10,2,0,False,"exit",1,"2025-07-11 10:46:02.517923","0.3607","0.8","0.4","0.5202"
"298f60f4-5579-4966-bc89-0f4f2c9be652","USER_37","Player_37",81,20,4,0,False,"exit",1,"2025-07-11 22:30:57.036946","0.746","0.6","0.8","0.7153"
"d7b131f4-37e8-4172-bda1-46746fee83a3","USER_6","Player_6",861,19,4,0,False,"exit",1,"2025-07-12 04:09:14.071743","0.226","0.62","0.8","0.5487"
"b0655ddb-b605-4e82-aabe-953ccf812ac3","USER_25","Player_25",1042,6,5,1,True,"summit",1,"2025-07-12 10:07:51.869278","0.1317","0.88","1","0.6706"
"7855fd77-9f7c-4d60-9313-a02893b20ef8","USER_10","Player_10",579,3,1,0,False,"exit",1,"2025-07-13 12:05:35.671135","0.1035","0.94","0.2","0.4145"
"4718dabb-1ecb-47d4-b071-e619f52fbd2d","USER_42","Player_42",398,36,1,0,False,"failed",1,"2025-07-14 02:23:14.165116","0.1337","0.28","0.2","0.2046"
"67eaa83d-d4a8-4ad2-b960-e702115b130d","USER_29","Player_29",975,13,2,0,False,"unknown",1,"2025-07-14 16:54:33.284213","0.075","0.74","0.4","0.405"
"8d98b2c7-4c74-43cf-99a9-8c194cffa79c","USER_34","Player_34",520,7,2,0,False,"exit",1,"2025-07-14 18:38:38.296543","0.2267","0.86","0.4","0.4956"
"a5cc7e81-ed4b-4415-ad6b-27a86f50376c","USER_17","Player_17",419,3,4,0,False,"exit",1,"2025-07-15 07:22:26.915457","0.5207","0.94","0.8","0.7536"
"8cffe5be-f877-402b-9e58-2b2a3b7b05a0","USER_2","Player_2",491,19,1,0,False,"exit",1,"2025-07-15 22:17:35.42147","0.1182","0.62","0.2","0.3127"
"ab180775-4ac7-421e-a6f6-120e7bc1333c","USER_31","Player_31",384,17,5,1,True,"summit",1,"2025-07-16 10:01:30.869363","0.68","0.66","1","0.78"
"22fc044a-fd8b-4c23-8fe6-6a66e1bddc31","USER_3","Player_3",379,24,4,0,False,"exit",1,"2025-07-16 15:16:01.004356","0.5473","0.52","0.8","0.6224"
"97e59db1-fbe8-4f38-9f91-a8920f831c73","USER_43","Player_43",225,7,3,0,False,"exit",1,"2025-07-16 22:09:51.518367","0.4875","0.86","0.6","0.6492"
"050aef9b-5628-41fb-b150-c6624603665a","USER_17","Player_17",520,8,5,1,True,"summit",1,"2025-07-17 08:37:14.533261","0.5667","0.84","1","0.8022"
"1629d521-16c3-4df4-a8b1-7b1cc17b7ef6","USER_48","Player_48",152,21,3,0,False,"exit",1,"2025-07-17 11:13:34.956279","0.524","0.58","0.6","0.568"
"23c3ed58-6847-4522-9898-4c41415b60c3","USER_45","Player_45",141,8,5,1,True,"summit",1,"2025-07-17 12:23:37.860124","0.8825","0.84","1","0.9075"
"6f60a744-927f-427e-8222-6d194da3c4dd","USER_24","Player_24",398,8,2,0,False,"exit",1,"2025-07-19 00:44:59.712712","0.2673","0.84","0.4","0.5024"
"11818a31-0728-40a3-937e-85c39f3508f3","USER_23","Player_23",440,4,3,0,False,"exit",1,"2025-07-19 07:06:21.497994","0.38","0.92","0.6","0.6333"
"859a1eb9-955e-4208-9173-4bdb7169e4c1","USER_1","Player_1",706,40,5,1,True,"summit",1,"2025-07-19 07:47:21.139413","0.4117","0.2","1","0.5372"
"fee06260-94fb-4932-8de4-937705730b77","USER_18","Player_18",105,18,4,0,False,"exit",1,"2025-07-19 10:17:51.476032","0.73","0.64","0.8","0.7233"
"afb5e7f3-3c37-49da-92c6-8acc1d0a86ac","USER_50","Player_50",515,13,1,0,False,"exit",1,"2025-07-19 10:26:43.223316","0.1142","0.74","0.2","0.3514"
"d168ccc8-f9d9-4270-be92-4df667af522d","USER_24","Player_24",439,47,3,0,False,"failed",1,"2025-07-19 16:40:12.39706","0.3805","0.06","0.6","0.3468"
"6066548c-663f-4f15-ab84-2db37dbe1af5","USER_16","Player_16",544,44,3,0,False,"failed",1,"2025-07-19 16:47:29.820213","0.328","0.12","0.6","0.3493"
"e8d56ff3-51bc-46aa-9070-e86584fec4ac","USER_17","Player_17",527,15,5,1,True,"summit",1,"2025-07-19 19:43:32.023117","0.5608","0.7","1","0.7536"
"8b4c1f5a-8e6a-4cbe-bd2b-54d25b527025","USER_39","Player_39",236,4,5,1,True,"summit",1,"2025-07-20 07:32:27.172371","0.8033","0.92","1","0.9078"
"d68bde62-258c-4002-bee3-cd1e2e2bce1e","USER_19","Player_19",660,12,4,0,False,"exit",1,"2025-07-20 12:44:56.808791","0.36","0.76","0.8","0.64"
"6c7a7f90-e467-4ef2-b7d9-b309f2cda097","USER_26","Player_26",249,15,3,0,False,"exit",1,"2025-07-20 21:05:57.437423","0.4755","0.7","0.6","0.5918"
"0ad374b4-6e6c-48f1-9bfa-637fc89f21e4","USER_36","Player_36",806,25,1,0,False,"failed",1,"2025-07-21 02:12:15.685399","0.0657","0.5","0.2","0.2552"
"06688054-66e1-4e5d-a0f2-f44e9309b431","3257447993","Clamsxeny",81,2,2,0,False,"exit",1,"2025-07-21 02:42:28.901405","0.373","0.96","0.4","0.5777"
"843a5a91-8267-4abf-b9c8-e9b78cf72a7f","USER_44","Player_44",253,4,4,0,False,"exit",1,"2025-07-21 10:17:55.040571","0.6313","0.92","0.8","0.7838"
"e900b495-a228-48f1-bf30-25a99ad76866","USER_33","Player_33",393,0,2,0,False,"exit",1,"2025-07-21 16:27:32.877766","0.269","1","0.4","0.5563"
"d193ef62-ff24-407f-8dc2-9b166fd75480","USER_5","Player_5",444,3,3,0,False,"exit",1,"2025-07-22 00:28:01.102389","0.378","0.94","0.6","0.6393"
"735b2bbb-c556-40af-b255-673271e86a68","3257447993","Clamsxeny",62,26,2,0,False,"failed",1,"2025-07-22 09:41:33.045847","0.3793","0.48","0.4","0.4198"
"42bd13e5-f7ce-496a-b998-f19c1b79e9c5","USER_28","Player_28",213,6,3,0,False,"exit",1,"2025-07-22 20:16:33.124837","0.4935","0.88","0.6","0.6578"
"09808b04-2688-4313-8d84-4f4c3d394fab","USER_5","Player_5",67,25,4,0,False,"failed",1,"2025-07-23 07:42:55.160147","0.7553","0.5","0.8","0.6851"
"09e96236-efc4-4dd5-8b24-0656736f9a59","USER_14","Player_14",148,2,2,0,False,"exit",1,"2025-07-23 10:47:32.200779","0.3507","0.96","0.4","0.5702"
"4bdf069a-440f-47cb-a1a1-3790aa34db7c","USER_37","Player_37",734,10,2,0,False,"exit",1,"2025-07-23 17:16:07.358294","0.1553","0.8","0.4","0.4518"
"5208ca31-12c2-4235-ab39-ab31c4181110","USER_46","Player_46",300,18,4,0,False,"exit",1,"2025-07-23 17:59:19.49866","0.6","0.64","0.8","0.68"
"5655f2bf-4156-4914-8910-7f18dc9c1fbf","USER_35","Player_35",416,17,3,0,False,"exit",1,"2025-07-24 07:56:07.924163","0.392","0.66","0.6","0.5507"
"d511b009-e0fa-4afb-8410-fed393f1358a","USER_23","Player_23",943,0,5,1,True,"summit",1,"2025-07-24 19:21:31.702146","0.2142","1","1","0.7381"
"86010d17-0d0b-4af8-9732-4f94847e7661","USER_44","Player_44",487,25,5,1,True,"summit",1,"2025-07-24 22:07:46.302908","0.5942","0.5","1","0.6981"
"6ee08f6d-c023-4e81-9c9b-00a2d45ff96d","USER_16","Player_16",319,12,5,1,True,"summit",1,"2025-07-25 02:32:57.782372","0.7342","0.76","1","0.8314"
"c3c536cd-c51c-424d-b225-89ff7dec5048","USER_1","Player_1",391,6,4,0,False,"exit",1,"2025-07-25 05:50:20.423572","0.5393","0.88","0.8","0.7398"
"b2632a2b-23ed-42c7-8350-cd2818ff0d5b","USER_48","Player_48",418,18,2,0,False,"exit",1,"2025-07-25 06:45:46.955167","0.2607","0.64","0.4","0.4336"
"7a399f5b-684d-4909-bfdf-b23c0d62d818","USER_10","Player_10",647,12,3,0,False,"exit",1,"2025-07-25 09:02:53.521001","0.2765","0.76","0.6","0.5455"
"cf9c25a7-d607-4b53-ab11-436b1c319633","USER_22","Player_22",91,7,5,1,True,"summit",1,"2025-07-25 09:51:10.238901","0.9242","0.86","1","0.9281"
"66fa58bd-337f-4062-8eb9-f5745dac1931","USER_22","Player_22",201,17,1,0,False,"exit",1,"2025-07-26 02:10:38.219281","0.1665","0.66","0.2","0.3422"
"6e00c7a9-adc1-4fbc-9bdf-889a9278250f","USER_28","Player_28",641,22,4,0,False,"exit",1,"2025-07-26 10:56:21.071356","0.3727","0.56","0.8","0.5776"
"b793c708-35ac-4123-b0f5-7a1fc5aca837","USER_13","Player_13",789,24,4,0,False,"exit",1,"2025-07-26 15:11:17.303373","0.274","0.52","0.8","0.5313"
"dcfacfb1-fe3e-47b4-9ae7-dabd8b9b4397","USER_12","Player_12",250,9,5,1,True,"summit",1,"2025-07-26 16:22:43.473577","0.7917","0.82","1","0.8706"
"801dd908-974d-4ffc-97e6-5444caeb9a11","USER_49","Player_49",432,6,5,1,True,"summit",1,"2025-07-26 22:54:41.901605","0.64","0.88","1","0.84"
"b161a774-9fed-4a5e-9bd6-625dc3f33c43","USER_31","Player_31",420,4,1,0,False,"exit",1,"2025-07-27 01:50:22.25726","0.13","0.92","0.2","0.4167"
"e8ceec0d-27ea-4755-9995-f5bff73dd91d","USER_39","Player_39",174,13,3,0,False,"exit",1,"2025-07-27 09:37:05.707896","0.513","0.74","0.6","0.6177"
"fbd39a18-7cd1-469a-9745-56560441168a","USER_24","Player_24",1088,15,5,1,True,"summit",1,"2025-07-28 07:44:31.207444","0.0933","0.7","1","0.5978"
"01584754-a095-4ff7-9ef0-1038c7f7817c","USER_13","Player_13",130,24,2,0,False,"exit",1,"2025-07-28 11:56:11.107176","0.3567","0.52","0.4","0.4256"
"ba2b055b-d057-436c-b42e-f48e64391823","USER_34","Player_34",514,5,4,0,False,"exit",1,"2025-07-30 06:02:44.691231","0.4573","0.9","0.8","0.7191"
"ef6dec94-c862-472b-a0ae-3017f353ca6d","USER_32","Player_32",334,12,4,0,False,"exit",1,"2025-07-30 06:10:20.068291","0.5773","0.76","0.8","0.7124"
"c43ef9ef-f0a4-4daa-93d2-a56ff48f2e36","USER_40","Player_40",61,20,5,1,True,"summit",1,"2025-07-30 20:36:22.387415","0.9492","0.6","1","0.8497"
"fee2e75c-3119-4131-b28c-46b629b3e91d","USER_4","Player_4",115,1,4,0,False,"exit",1,"2025-07-30 21:11:56.930489","0.7233","0.98","0.8","0.8344"
"72741349-36ce-49a9-b20f-6598f2e9570d","USER_1","Player_1",310,5,5,1,True,"summit",1,"2025-07-31 05:05:02.528382","0.7417","0.9","1","0.8806"
"03520484-62e4-4322-9ee2-f3be058ee715","USER_21","Player_21",228,8,4,0,False,"exit",1,"2025-07-31 06:36:05.153362","0.648","0.84","0.8","0.7627"
"f8031531-6270-4e2a-be0d-2432fd91b84c","USER_16","Player_16",107,7,3,0,False,"exit",1,"2025-07-31 18:08:47.239724","0.5465","0.86","0.6","0.6688"
"4f01e9bd-9072-4f57-adca-fc5dc896d982","USER_3","Player_3",240,2,3,0,False,"exit",1,"2025-07-31 19:04:45.858764","0.48","0.96","0.6","0.68"
"2a1f54dd-1142-45ae-a77e-deb391982cca","USER_24","Player_24",606,7,4,0,False,"exit",1,"2025-08-01 04:42:06.469657","0.396","0.86","0.8","0.6853"
"2dcbe4ba-7b59-4691-be0f-f7c84b96c816","USER_11","Player_11",749,23,4,0,False,"exit",1,"2025-08-01 04:55:00.860426","0.3007","0.54","0.8","0.5469"
"5a505f49-cf3a-4022-a995-86eab674ad7d","USER_45","Player_45",138,16,4,0,False,"exit",1,"2025-08-02 20:11:38.502564","0.708","0.68","0.8","0.7293"
"27f6d7d9-1c24-48a7-aba2-0b71844552c5","10876608988","simplybren_40",558,16,2,0,False,"exit",1,"2025-08-03 00:03:35.136919","0.214","0.68","0.4","0.4313"
"d5d39529-9de1-4ee0-b8de-cc88517996fe","USER_16","Player_16",487,10,1,0,False,"exit",1,"2025-08-03 02:59:48.95605","0.1188","0.8","0.2","0.3729"
"09a4b3a0-5f72-4eda-96c8-a01b0d76a48e","USER_10","Player_10",792,18,4,0,False,"exit",1,"2025-08-03 06:01:02.16798","0.272","0.64","0.8","0.5707"
"d8180b79-5759-4f97-b536-e129da862496","USER_45","Player_45",327,17,4,0,False,"exit",1,"2025-08-03 08:44:44.844885","0.582","0.66","0.8","0.6807"
"618e79f7-d98b-4b98-8dfd-080ec83cb6b5","USER_30","Player_30",138,19,4,0,False,"exit",1,"2025-08-03 08:59:07.573988","0.708","0.62","0.8","0.7093"
"37e3bbbe-4642-424f-bce1-b865f5803019","USER_19","Player_19",456,1,4,0,False,"exit",1,"2025-08-04 12:46:15.389466","0.496","0.98","0.8","0.7587"
"65cfb583-f92f-4a02-a8ea-958a432ffcf6","USER_45","Player_45",279,12,4,0,False,"exit",1,"2025-08-05 06:22:50.80809","0.614","0.76","0.8","0.7247"
"56a5fd1e-5100-46d0-b979-3b6e9695af65","USER_40","Player_40",572,11,3,0,False,"exit",1,"2025-08-05 06:53:34.042415","0.314","0.78","0.6","0.5647"
"ca507455-5ab9-4571-878b-542ad89077b6","USER_31","Player_31",126,4,4,0,False,"exit",1,"2025-08-05 09:20:46.988169","0.716","0.92","0.8","0.812"
"84f824a0-ec75-458b-a611-b49275cfb33e","USER_1","Player_1",508,0,3,0,False,"exit",1,"2025-08-05 09:45:07.091668","0.346","1","0.6","0.6487"
"f07b9c32-15bd-486c-8f19-cd083bb584aa","USER_40","Player_40",1074,19,5,1,True,"summit",1,"2025-08-05 14:36:26.183517","0.105","0.62","1","0.575"
"30bb4a3d-b3ad-4f2e-a260-532f882ef4a0","USER_17","Player_17",489,6,2,0,False,"exit",1,"2025-08-06 01:48:53.305734","0.237","0.88","0.4","0.5057"
"e8f2b153-8cd7-48e9-a3ab-54fcad1bc29c","USER_28","Player_28",321,24,5,1,True,"summit",1,"2025-08-06 14:23:49.981851","0.7325","0.52","1","0.7508"
"be654d70-3777-4d44-9a94-787756b84c50","USER_9","Player_9",779,13,3,0,False,"exit",1,"2025-08-06 17:14:26.701754","0.2105","0.74","0.6","0.5168"
"9cb83fa1-6900-4d7f-83eb-8ace67ea3250","3257447993","Clamsxeny",556,9,2,0,False,"exit",1,"2025-08-06 22:24:11.203107","0.2147","0.82","0.4","0.4782"
"d99827d3-2b53-4172-b390-ead6b77eb9f0","USER_23","Player_23",234,13,1,0,False,"exit",1,"2025-08-07 00:55:05.455382","0.161","0.74","0.2","0.367"
"228807ca-57f8-4fba-9a02-7d52d55e6cdf","USER_49","Player_49",358,22,5,1,True,"summit",1,"2025-08-07 08:47:40.237078","0.7017","0.56","1","0.7539"
"90cb3e1d-8c61-4eaf-963d-98475495e1e8","USER_22","Player_22",284,8,1,0,False,"exit",1,"2025-08-07 19:09:13.457288","0.1527","0.84","0.2","0.3976"
"485b998a-2049-4481-b30e-261a2e4bf429","USER_50","Player_50",714,6,3,0,False,"exit",1,"2025-08-08 19:38:58.905605","0.243","0.88","0.6","0.5743"
"32c5ef64-9609-4938-a0a8-66375bc1fbf1","USER_17","Player_17",734,12,3,0,False,"exit",1,"2025-08-08 20:07:37.444134","0.233","0.76","0.6","0.531"
"e82fe23b-9070-4ff8-88c3-94637c3546c6","USER_10","Player_10",420,49,3,0,False,"failed",1,"2025-08-08 22:19:19.30661","0.39","0.02","0.6","0.3367"
"901505a1-d4be-4de4-a534-46caa897a61b","USER_3","Player_3",1057,13,5,1,True,"summit",1,"2025-08-09 14:47:33.658751","0.1192","0.74","1","0.6197"
"9ffd566a-efd2-456c-8820-9e0d328007fd","USER_12","Player_12",761,11,4,0,False,"exit",1,"2025-08-09 15:45:28.275992","0.2927","0.78","0.8","0.6242"
"421ae19c-05f5-4a78-b069-6ea320e20ca1","USER_6","Player_6",559,39,1,0,False,"failed",1,"2025-08-09 19:08:19.030513","0.1068","0.22","0.2","0.1756"
"63eb50cf-1aac-4a8b-b8e0-aedb2db3f362","USER_24","Player_24",788,21,4,0,False,"exit",1,"2025-08-10 03:55:04.182027","0.2747","0.58","0.8","0.5516"
"33c9fc95-d474-4f65-a9e3-6108249fc1eb","USER_29","Player_29",88,20,4,0,False,"exit",1,"2025-08-10 07:04:15.428738","0.7413","0.6","0.8","0.7138"
"b701b95a-80c7-4398-87b5-79df1d046d0b","USER_13","Player_13",443,8,4,0,False,"exit",1,"2025-08-10 14:26:45.569285","0.5047","0.84","0.8","0.7149"
"5c565ce1-0e6d-4895-bd30-2a1730c0a8c2","USER_26","Player_26",665,5,4,0,False,"exit",1,"2025-08-10 15:14:20.215376","0.3567","0.9","0.8","0.6856"
"d86851d0-f175-4092-9644-6c046f85ec90","USER_29","Player_29",655,19,5,1,True,"summit",1,"2025-08-10 20:33:24.430714","0.4542","0.62","1","0.6914"
"d3368aaf-614d-4761-ad08-baab96741393","USER_36","Player_36",744,0,5,1,True,"summit",1,"2025-08-11 03:28:17.950237","0.38","1","1","0.7933"
"268e7b20-0016-4941-97ee-9f148f2122c0","USER_21","Player_21",552,44,4,0,False,"failed",1,"2025-08-11 04:06:16.975339","0.432","0.12","0.8","0.4507"
"9e6e042e-6ccb-476e-9c75-fcc926686f10","USER_50","Player_50",685,6,5,1,True,"summit",1,"2025-08-11 09:00:48.126271","0.4292","0.88","1","0.7697"
"f463840e-9310-4dd5-a366-fd9ec492621f","USER_40","Player_40",61,41,4,0,False,"failed",1,"2025-08-11 21:47:59.996955","0.7593","0.18","0.8","0.5798"
"5b70aef3-8d78-43cc-afb3-cc03c55d42ab","USER_2","Player_2",594,8,5,1,True,"summit",1,"2025-08-12 11:49:43.269047","0.505","0.84","1","0.7817"
"1256cb7d-e4df-4bf3-b699-85d2ab21a247","USER_30","Player_30",441,8,4,0,False,"exit",1,"2025-08-13 04:08:52.675182","0.506","0.84","0.8","0.7153"
"cb9bc54b-490a-42e3-863a-6266c2103285","USER_47","Player_47",528,11,1,0,False,"exit",1,"2025-08-13 15:33:46.356036","0.112","0.78","0.2","0.364"
"90a9c909-8a56-44a8-a50b-9e3cffdf6892","USER_7","Player_7",432,9,4,0,False,"exit",1,"2025-08-13 18:52:38.582151","0.512","0.82","0.8","0.7107"
"35d93bd2-3842-4156-933d-ead474222e6e","USER_29","Player_29",211,5,4,0,False,"exit",1,"2025-08-14 20:03:03.413547","0.6593","0.9","0.8","0.7864"
"d8fbd87f-cfa5-4ac6-80cd-ea3f5154e638","USER_21","Player_21",409,18,5,1,True,"summit",1,"2025-08-14 20:30:46.239011","0.6592","0.64","1","0.7664"
"383c89f3-3d4e-41b2-b03c-ca8aefeb619c","USER_15","Player_15",157,6,3,0,False,"exit",1,"2025-08-15 11:38:53.555094","0.5215","0.88","0.6","0.6672"
"1c7aa609-b6b8-40ba-be80-17a3b79bcd33","USER_48","Player_48",217,9,4,0,False,"exit",1,"2025-08-15 17:01:00.271266","0.6553","0.82","0.8","0.7584"
"703e66e6-7fa7-439c-9aba-5e3d278f9a90","USER_11","Player_11",212,5,3,0,False,"exit",1,"2025-08-15 22:51:54.479307","0.494","0.9","0.6","0.6647"
"76f67c83-7167-4146-a106-7b7202bb580b","USER_19","Player_19",298,12,1,0,False,"exit",1,"2025-08-16 01:14:28.668776","0.1503","0.76","0.2","0.3701"
"e8e4897f-b675-497d-996f-dc0c8926cd83","USER_13","Player_13",1175,25,5,1,True,"summit",1,"2025-08-16 07:57:41.079614","0.0208","0.5","1","0.5069"
"932f2c4d-3695-4976-927e-f9bdf170a5d7","USER_6","Player_6",733,29,3,0,False,"failed",1,"2025-08-16 11:53:03.221834","0.2335","0.42","0.6","0.4178"
"0213d6cc-4755-4b8e-80cb-e6fc0be408fa","USER_15","Player_15",222,2,2,0,False,"exit",1,"2025-08-16 17:04:46.877822","0.326","0.96","0.4","0.562"
"6ff50ac6-385a-45fd-b888-0c3fb6560d09","USER_14","Player_14",357,2,2,0,False,"exit",1,"2025-08-16 21:37:48.012512","0.281","0.96","0.4","0.547"
"3c1d25bf-c2a4-4b48-9a2e-c1028c83b703","USER_49","Player_49",277,25,1,0,False,"failed",1,"2025-08-16 23:41:27.404217","0.1538","0.5","0.2","0.2846"
"e152354f-83d3-47d6-868f-7a7f7a93c538","USER_50","Player_50",500,10,1,0,False,"exit",1,"2025-08-17 06:23:19.228396","0.1167","0.8","0.2","0.3722"
"0018f1f4-8185-4f4b-ac93-77684892b16a","USER_22","Player_22",281,14,5,1,True,"summit",1,"2025-08-17 14:28:46.743473","0.7658","0.72","1","0.8286"
"a0d53f5a-d315-42e7-9651-9c2fb3eba805","USER_41","Player_41",137,25,3,0,False,"failed",1,"2025-08-17 16:57:03.978369","0.5315","0.5","0.6","0.5438"
"6662310b-3752-4bcd-bde9-42beef90eab7","USER_21","Player_21",431,12,3,0,False,"exit",1,"2025-08-18 21:57:10.511772","0.3845","0.76","0.6","0.5815"
"9dbdb8a9-cb99-4894-a035-b7562bf3f538","USER_22","Player_22",447,30,4,0,False,"failed",1,"2025-08-19 14:55:41.33012","0.502","0.4","0.8","0.5673"
"58408c79-31f8-47f4-a6f4-9e3130d9f58b","USER_11","Player_11",161,4,4,0,False,"exit",1,"2025-08-20 00:53:42.171259","0.6927","0.92","0.8","0.8042"
"762a6748-fa24-4962-aac0-e3861b6f21ba","USER_13","Player_13",428,4,1,0,False,"exit",1,"2025-08-20 04:56:43.265049","0.1287","0.92","0.2","0.4162"
"8f937128-d5a4-4909-888c-a238ef7ed37d","USER_14","Player_14",221,10,1,0,False,"exit",1,"2025-08-20 07:11:34.735689","0.1632","0.8","0.2","0.3877"
"2e95668f-b76a-4008-9ae6-a033d2fca976","USER_10","Player_10",394,15,5,1,True,"summit",1,"2025-08-20 14:13:56.855239","0.6717","0.7","1","0.7906"
"c8161297-f2b1-44bd-ab16-8fcb3d4d19bf","USER_48","Player_48",441,13,2,0,False,"exit",1,"2025-08-20 16:07:42.550549","0.253","0.74","0.4","0.4643"
"be4189d2-fa3c-495a-a575-a5c304932a52","USER_37","Player_37",803,25,2,0,False,"failed",1,"2025-08-21 14:23:26.873405","0.1323","0.5","0.4","0.3441"
"025016b9-57b2-42b3-8ef7-05d4fdc72da4","USER_31","Player_31",142,23,2,0,False,"exit",1,"2025-08-21 14:35:03.450907","0.3527","0.54","0.4","0.4309"
"56661a3d-9b1c-42df-a1e3-eeb035ec687d","USER_23","Player_23",295,40,3,0,False,"failed",1,"2025-08-22 05:45:59.22352","0.4525","0.2","0.6","0.4175"
"d9a2fc78-f461-4b9e-afe0-44373184b35a","USER_28","Player_28",552,2,2,0,False,"exit",1,"2025-08-22 19:26:59.471615","0.216","0.96","0.4","0.5253"
"ac33e7a0-9851-4cf7-85cf-b2ad5b2da91d","USER_28","Player_28",1106,24,2,0,False,"unknown",1,"2025-08-22 22:00:51.036746","0.0313","0.52","0.4","0.3171"
"00bd523d-4ce5-4557-8f95-c1e38435c1f0","USER_10","Player_10",64,14,5,1,True,"summit",1,"2025-08-23 00:12:46.024797","0.9467","0.72","1","0.8889"
"3683eed5-8892-4612-aed2-a9151e59355f","USER_20","Player_20",608,12,3,0,False,"exit",1,"2025-08-23 00:55:15.522573","0.296","0.76","0.6","0.552"
"65466f92-f3cd-4590-bc6e-6913bf1f4f5e","USER_42","Player_42",260,23,1,0,False,"exit",1,"2025-08-23 11:06:03.521682","0.1567","0.54","0.2","0.2989"
"2af17087-a96e-4216-8f9f-d3c30567f7af","USER_30","Player_30",551,16,3,0,False,"exit",1,"2025-08-23 15:54:09.409001","0.3245","0.68","0.6","0.5348"
"afb532c7-a224-4347-8c87-c6b289c62465","USER_20","Player_20",415,20,2,0,False,"exit",1,"2025-08-23 18:25:05.235704","0.2617","0.6","0.4","0.4206"
"c1708d90-5c1d-4bc3-af1d-66a9d729107e","USER_35","Player_35",745,13,1,0,False,"exit",1,"2025-08-25 12:57:11.060887","0.0758","0.74","0.2","0.3386"
"d3053019-4937-4dfb-becc-86aab88af308","USER_25","Player_25",177,16,3,0,False,"exit",1,"2025-08-25 23:57:21.353497","0.5115","0.68","0.6","0.5972"
"2e01c0c7-d18b-40ac-b580-85eb9d7d0c70","USER_12","Player_12",859,11,1,0,False,"exit",1,"2025-08-26 04:45:35.933985","0.0568","0.78","0.2","0.3456"
"5fa4e5ae-154c-495b-b4b7-a041a4d83ab5","USER_37","Player_37",416,12,4,0,False,"exit",1,"2025-08-26 09:17:43.953265","0.5227","0.76","0.8","0.6942"
"05369ea1-cca6-41c7-846b-bf1ba7d83565","USER_19","Player_19",201,19,3,0,False,"exit",1,"2025-08-27 01:35:01.422664","0.4995","0.62","0.6","0.5732"
"3d1de82b-bec2-46dd-8b83-9c40cb5c5f8d","USER_27","Player_27",464,30,2,0,False,"failed",1,"2025-08-27 08:00:57.445952","0.2453","0.4","0.4","0.3484"
"c6b63782-ca7e-44e0-aca2-ccda4e8ad8dd","USER_15","Player_15",318,21,2,0,False,"exit",1,"2025-08-27 08:31:35.668087","0.294","0.58","0.4","0.4247"
"36cc9b4b-e759-439a-aba7-d17b3d64ef60","USER_42","Player_42",282,7,1,0,False,"exit",1,"2025-08-27 10:03:26.446789","0.153","0.86","0.2","0.4043"
"dfe494c3-5f7b-4c7c-8d0e-c8aee322443f","USER_3","Player_3",208,8,1,0,False,"exit",1,"2025-08-27 14:48:54.756235","0.1653","0.84","0.2","0.4018"
"a824328e-a681-4e41-91b0-2d4e72a0738a","USER_33","Player_33",163,47,1,0,False,"failed",1,"2025-08-27 22:36:42.894165","0.1728","0.06","0.2","0.1443"
"997e0337-1c85-46a6-8354-4e552c2aa994","USER_41","Player_41",363,7,1,0,False,"exit",1,"2025-08-28 03:26:51.260687","0.1395","0.86","0.2","0.3998"
"a6736777-795c-496c-be74-5a9f6121c763","USER_42","Player_42",467,3,2,0,False,"exit",1,"2025-08-28 10:29:24.152474","0.2443","0.94","0.4","0.5281"
"8bc8ceaa-c8cb-4b29-90f9-2ccb3016d206","3257447993","Clamsxeny",291,46,4,0,False,"failed",1,"2025-08-30 16:01:19.25901","0.606","0.08","0.8","0.4953"
"a9afb631-9aaa-4405-9c63-57d328e1868c","USER_37","Player_37",721,22,2,0,False,"exit",1,"2025-08-31 02:34:14.606869","0.1597","0.56","0.4","0.3732"
"e21e3b81-90f8-4761-941c-e02d3b5b9521","USER_24","Player_24",383,25,1,0,False,"failed",1,"2025-08-31 04:09:59.896637","0.1362","0.5","0.2","0.2787"
"d27cdef5-c2ef-4abf-9e9f-886809664bdd","USER_21","Player_21",243,18,4,0,False,"exit",1,"2025-08-31 04:26:30.673864","0.638","0.64","0.8","0.6927"
"c0a52598-9065-48b7-aa47-874e1ee6ce4c","USER_37","Player_37",839,20,3,0,False,"exit",1,"2025-08-31 17:52:19.655055","0.1805","0.6","0.6","0.4602"
"31488dca-000a-4b19-97be-3cc2b5e8e735","USER_37","Player_37",62,9,3,0,False,"exit",1,"2025-09-01 01:35:10.82316","0.569","0.82","0.6","0.663"
"bd474f37-9add-47b9-9054-fe75b3e07b4b","USER_1","Player_1",533,13,1,0,False,"exit",1,"2025-09-01 02:51:41.140231","0.1112","0.74","0.2","0.3504"
"e65eaeb1-76b9-455e-8ef4-360ff2b7e0e9","USER_18","Player_18",562,6,2,0,False,"exit",1,"2025-09-01 20:17:12.904875","0.2127","0.88","0.4","0.4976"
"b505fada-b746-4731-8b23-1260bf65b24c","USER_36","Player_36",798,10,1,0,False,"exit",1,"2025-09-01 20:37:20.080427","0.067","0.8","0.2","0.3557"
"4e11b784-15ef-46e7-939a-b622fddd3fd9","USER_26","Player_26",154,8,1,0,False,"exit",1,"2025-09-02 01:37:34.068124","0.1743","0.84","0.2","0.4048"
"95d92143-87d7-42eb-aa41-436ba74dddb2","USER_13","Player_13",866,2,2,0,False,"exit",1,"2025-09-02 11:02:04.49194","0.1113","0.96","0.4","0.4904"
"f9ef6ed8-2db5-40ed-8955-df3a091b454d","USER_26","Player_26",463,21,5,1,True,"summit",1,"2025-09-02 17:08:03.290813","0.6142","0.58","1","0.7314"
"3c69c51e-f59b-470c-85ae-e0a9500ef1e5","USER_48","Player_48",770,43,5,1,True,"summit",1,"2025-09-03 03:38:36.433112","0.3583","0.14","1","0.4994"
"6d9a9f93-022d-4317-9e29-8573d74c4fce","USER_23","Player_23",587,13,2,0,False,"exit",1,"2025-09-03 06:09:21.133114","0.2043","0.74","0.4","0.4481"
"ab82b69a-076d-4b27-929c-7d1f3c6754c7","USER_37","Player_37",290,47,4,0,False,"failed",1,"2025-09-03 13:57:47.350143","0.6067","0.06","0.8","0.4889"
"e4f3cf4a-1870-4e24-8aa5-f2cb2dc29cbe","USER_3","Player_3",582,12,1,0,False,"exit",1,"2025-09-04 01:29:48.657238","0.103","0.76","0.2","0.3543"
"711f37bd-f344-42b7-bb1e-5a7ef79bdaae","USER_23","Player_23",269,23,2,0,False,"exit",1,"2025-09-04 04:40:39.321367","0.3103","0.54","0.4","0.4168"
"3c353f0e-aefc-417a-9246-d4e906188956","USER_33","Player_33",133,18,4,0,False,"exit",1,"2025-09-04 06:12:55.960338","0.7113","0.64","0.8","0.7171"
"58313a9a-4480-4ac4-b048-235a37098f38","USER_5","Player_5",199,9,1,0,False,"exit",1,"2025-09-04 07:14:20.408328","0.1668","0.82","0.2","0.3956"
"e5d95af6-42e8-4d28-93be-2775eb32c4e0","USER_24","Player_24",601,0,5,1,True,"summit",1,"2025-09-04 19:20:11.900585","0.4992","1","1","0.8331"
"eb8cb310-a5e7-4c9a-b107-bf210d85d5c0","USER_39","Player_39",554,1,3,0,False,"exit",1,"2025-09-05 12:33:49.868965","0.323","0.98","0.6","0.6343"
"4d5d3c71-78bb-4f11-b09e-7df5f3d7341a","USER_50","Player_50",553,10,1,0,False,"exit",1,"2025-09-06 01:09:12.170716","0.1078","0.8","0.2","0.3693"
"b0f9725e-5153-4c6a-9e89-0eaafff184e6","USER_27","Player_27",663,24,1,0,False,"exit",1,"2025-09-06 08:48:00.456612","0.0895","0.52","0.2","0.2698"
"feffea38-95a8-40e6-92dd-662fc9b130e0","USER_31","Player_31",399,15,4,0,False,"exit",1,"2025-09-06 19:09:49.212183","0.534","0.7","0.8","0.678"
"4c17da34-5f4a-4cb0-b0b0-7ae1e020ef5b","USER_8","Player_8",106,7,4,0,False,"exit",1,"2025-09-06 19:12:56.346659","0.7293","0.86","0.8","0.7964"
"d083f111-a145-4aa8-9718-a644466117ee","USER_38","Player_38",283,4,4,0,False,"exit",1,"2025-09-06 19:28:20.324957","0.6113","0.92","0.8","0.7771"
"6fed2c42-93bc-43a4-a17d-4ad9b57cd926","USER_23","Player_23",302,12,3,0,False,"exit",1,"2025-09-06 22:35:14.984807","0.449","0.76","0.6","0.603"
"d087fc93-444a-47b8-ad3a-207cccf7026e","USER_40","Player_40",140,9,4,0,False,"exit",1,"2025-09-06 22:45:31.029334","0.7067","0.82","0.8","0.7756"
"1a96a312-ac7e-4077-baf3-15d58b1954ed","USER_16","Player_16",69,36,5,1,True,"summit",1,"2025-09-07 13:26:30.614671","0.9425","0.28","1","0.7408"
"bdb7e39f-0e87-4158-9a2a-cb40033a24bf","USER_5","Player_5",447,9,1,0,False,"exit",1,"2025-09-09 11:32:36.550118","0.1255","0.82","0.2","0.3818"
"c0b4ec03-fde8-422e-88e7-f2d5606fd2c9","USER_33","Player_33",881,11,4,0,False,"exit",1,"2025-09-09 13:55:11.234345","0.2127","0.78","0.8","0.5976"
"6452a7af-5fd9-445d-bd62-4375a8cdfc54","USER_49","Player_49",212,2,1,0,False,"exit",1,"2025-09-09 14:50:26.154341","0.1647","0.96","0.2","0.4416"
"fe4933f0-931b-4055-8f62-b1e7da082ec0","USER_3","Player_3",60,2,1,0,False,"exit",1,"2025-09-09 15:23:15.629829","0.19","0.96","0.2","0.45"
"3321b641-c3fc-405b-9cf5-19e4e56a0f41","3257447993","Clamsxeny",687,24,5,1,True,"summit",1,"2025-09-10 17:14:52.939958","0.4275","0.52","1","0.6492"
"c7148032-3b91-4493-b18f-b19f0f04ae6d","USER_48","Player_48",418,5,4,0,False,"exit",1,"2025-09-11 07:57:35.436294","0.5213","0.9","0.8","0.7404"
"4063d366-98ec-4380-9168-56c806a3e42a","USER_26","Player_26",527,6,3,0,False,"exit",1,"2025-09-11 15:16:29.790571","0.3365","0.88","0.6","0.6055"
"27164487-4984-4d70-8d77-1520feeee6c9","USER_2","Player_2",931,17,4,0,False,"unknown",1,"2025-09-11 23:58:35.657079","0.1793","0.66","0.8","0.5464"
"a4fea923-f83f-4610-99b7-56e1c25307c6","USER_2","Player_2",272,46,4,0,False,"failed",1,"2025-09-12 02:51:06.364707","0.6187","0.08","0.8","0.4996"
"52b4bb70-b956-4eff-8dbf-6994f7a008a3","USER_8","Player_8",885,24,3,0,False,"exit",1,"2025-09-12 10:44:24.672725","0.1575","0.52","0.6","0.4258"
"9ed903f8-addf-4992-b91a-8acce2781e3a","USER_15","Player_15",357,6,4,0,False,"exit",1,"2025-09-12 12:32:38.638846","0.562","0.88","0.8","0.7473"
"2bac48e7-4271-4722-8bc6-e5cb5175891d","USER_43","Player_43",273,28,3,0,False,"failed",1,"2025-09-12 20:08:09.575239","0.4635","0.44","0.6","0.5012"
"0f3b5c1f-1e93-4228-9262-2f1e0d518afb","USER_49","Player_49",95,45,5,1,True,"summit",1,"2025-09-13 04:41:55.682486","0.9208","0.1","1","0.6736"
"91a76cad-c446-44ef-9f7e-e794e0c66305","USER_19","Player_19",545,18,4,0,False,"exit",1,"2025-09-13 07:41:28.804723","0.4367","0.64","0.8","0.6256"
"018f7ba0-ef18-4893-891e-a840a4bb97d8","USER_7","Player_7",618,0,3,0,False,"exit",1,"2025-09-13 12:47:36.444475","0.291","1","0.6","0.6303"
"f03dde48-229d-4d5f-9545-6550caa1be0a","USER_47","Player_47",589,21,1,0,False,"exit",1,"2025-09-13 15:05:09.350605","0.1018","0.58","0.2","0.2939"
"37826fd5-3074-4686-a253-09d20c1c064a","USER_20","Player_20",350,41,3,0,False,"failed",1,"2025-09-13 17:07:37.524498","0.425","0.18","0.6","0.4017"
"7ae466e8-a1b9-40a9-8629-512850ee0f4e","USER_5","Player_5",509,12,2,0,False,"exit",1,"2025-09-15 03:01:22.125538","0.2303","0.76","0.4","0.4634"
"cab34e28-9ed0-420f-931d-f4da2f44960f","USER_39","Player_39",1006,6,1,0,False,"unknown",1,"2025-09-16 02:30:03.72837","0.0323","0.88","0.2","0.3708"
"313740fc-0bc7-47c7-bd1f-e5cc54b7fa90","USER_23","Player_23",840,12,1,0,False,"exit",1,"2025-09-16 03:15:04.043478","0.06","0.76","0.2","0.34"
"c25de693-1652-4c42-98a3-d4cdca89cb43","USER_18","Player_18",255,17,2,0,False,"exit",1,"2025-09-16 13:37:53.184299","0.315","0.66","0.4","0.4583"
"927ffd4e-08fc-464e-86b7-557ccea2eb44","USER_44","Player_44",260,41,4,0,False,"failed",1,"2025-09-16 18:20:04.85744","0.6267","0.18","0.8","0.5356"
"7dda4284-be6f-49d7-b150-724403200d08","USER_17","Player_17",375,12,2,0,False,"exit",1,"2025-09-17 01:23:39.132668","0.275","0.76","0.4","0.4783"
"b2122545-a8c4-4d67-a4cb-65b813e963e2","USER_48","Player_48",298,38,5,1,True,"summit",1,"2025-09-18 03:55:32.785037","0.7517","0.24","1","0.6639"
"6af5894f-20cc-452b-b959-f7634ee3f04a","USER_1","Player_1",676,19,4,0,False,"exit",1,"2025-09-18 04:35:07.430689","0.3493","0.62","0.8","0.5898"
"720e7c25-5069-4c09-885b-04a6a379742e","USER_36","Player_36",772,9,2,0,False,"exit",1,"2025-09-18 05:09:59.362854","0.1427","0.82","0.4","0.4542"
"f3d6ba6a-a4c0-4da4-9a98-1203e879c85b","USER_45","Player_45",344,24,4,0,False,"exit",1,"2025-09-18 08:09:31.562524","0.5707","0.52","0.8","0.6302"
"619d0a20-9604-4a44-a871-b48827db5505","USER_33","Player_33",871,13,3,0,False,"exit",1,"2025-09-18 22:58:19.653042","0.1645","0.74","0.6","0.5015"
"56738661-729f-4e9e-8b9f-840676ca4d74","USER_50","Player_50",441,32,1,0,False,"failed",1,"2025-09-19 15:02:24.874021","0.1265","0.36","0.2","0.2288"
"54bd0f41-ac01-4085-933f-e5f2a77b6cb1","USER_7","Player_7",328,16,3,0,False,"exit",1,"2025-09-19 23:58:58.507134","0.436","0.68","0.6","0.572"
"bfdcb97f-86e8-4b3b-b5f4-408d52ac39f1","USER_45","Player_45",315,9,2,0,False,"exit",1,"2025-09-20 08:53:36.43962","0.295","0.82","0.4","0.505"
"e3a028f2-2c20-450d-a850-514eedc36ed1","USER_35","Player_35",220,14,3,0,False,"exit",1,"2025-09-20 12:43:47.846392","0.49","0.72","0.6","0.6033"
"2c9ecf79-2bd3-4f86-b6d0-bec9cfef5e10","USER_47","Player_47",463,18,3,0,False,"exit",1,"2025-09-20 22:56:14.748842","0.3685","0.64","0.6","0.5362"
"331758a6-431b-497b-b015-5fa85e356a84","USER_35","Player_35",611,15,4,0,False,"exit",1,"2025-09-21 20:00:30.982338","0.3927","0.7","0.8","0.6309"
"85aa9d8c-9206-4d6a-bf43-59751a4f0b30","USER_23","Player_23",117,2,5,1,True,"summit",1,"2025-09-22 06:16:02.422376","0.9025","0.96","1","0.9542"
"2d6da4db-fdce-4dbc-9bf7-093d8d671833","USER_46","Player_46",301,6,5,1,True,"summit",1,"2025-09-22 08:39:42.757957","0.7492","0.88","1","0.8764"
"dde353f9-ed93-4f0d-8f36-c8fb186223ac","USER_22","Player_22",821,11,4,0,False,"exit",1,"2025-09-22 14:25:55.730988","0.2527","0.78","0.8","0.6109"
"ba88facc-c31f-4094-a767-81ae4d0eac09","USER_18","Player_18",363,7,1,0,False,"exit",1,"2025-09-23 00:56:29.816187","0.1395","0.86","0.2","0.3998"
"522a4672-0d43-49e2-858b-959869da90af","USER_48","Player_48",75,25,5,1,True,"summit",1,"2025-09-23 06:32:39.455023","0.9375","0.5","1","0.8125"
"2718f9da-862d-4309-b84d-7787b9d45824","USER_10","Player_10",134,5,1,0,False,"exit",1,"2025-09-23 16:24:14.950339","0.1777","0.9","0.2","0.4259"
"01c90b4c-919d-4ac3-bcc6-5ed9b2653256","USER_47","Player_47",184,7,2,0,False,"exit",1,"2025-09-24 08:07:46.672786","0.3387","0.86","0.4","0.5329"
"016dcdd0-b88b-4361-9467-1dabf13f8a1e","USER_20","Player_20",555,24,4,0,False,"exit",1,"2025-09-24 09:18:01.229774","0.43","0.52","0.8","0.5833"
"4bbafcb9-b45b-42fb-870d-e779e8060a95","USER_21","Player_21",208,20,3,0,False,"exit",1,"2025-09-24 09:23:43.155928","0.496","0.6","0.6","0.5653"
"aec539ae-890a-49b8-82a1-76d4429e92e9","USER_39","Player_39",535,10,4,0,False,"exit",1,"2025-09-24 14:46:58.999139","0.4433","0.8","0.8","0.6811"
"3c238830-8378-419d-bcbb-bdbdd921c09d","USER_14","Player_14",768,3,5,1,True,"summit",1,"2025-09-24 19:27:40.565361","0.36","0.94","1","0.7667"
"bffd29c0-bbc4-47e7-89f2-fa5beaa51e56","USER_8","Player_8",158,5,4,0,False,"exit",1,"2025-09-25 00:22:03.804684","0.6947","0.9","0.8","0.7982"
"c46ae8f9-3bde-4ed6-a14e-23c6411f02b4","USER_13","Player_13",730,3,4,0,False,"exit",1,"2025-09-26 07:58:26.944998","0.3133","0.94","0.8","0.6844"
"63486ae9-084a-4314-b45e-0f191c7823c3","USER_22","Player_22",230,10,1,0,False,"exit",1,"2025-09-26 10:38:02.978478","0.1617","0.8","0.2","0.3872"
"5d91e6e9-4a02-4dc9-9543-8b4435c3120c","USER_16","Player_16",960,28,4,0,False,"failed",1,"2025-09-27 03:51:32.311511","0.16","0.44","0.8","0.4667"
"7c481190-5cd5-4ea4-8206-a1be3bf43d12","USER_9","Player_9",850,5,3,0,False,"exit",1,"2025-09-27 10:53:57.430088","0.175","0.9","0.6","0.5583"
"04441ff1-febb-4bf4-be05-7b3e14f59337","USER_49","Player_49",597,17,2,0,False,"exit",1,"2025-09-27 15:19:27.840783","0.201","0.66","0.4","0.4203"
"e4aa8ed4-8f74-4f37-8d0e-4590d690da78","USER_4","Player_4",482,8,4,0,False,"exit",1,"2025-09-28 13:34:23.996664","0.4787","0.84","0.8","0.7062"
"b4c063c9-1b07-4e1e-a509-a4016ac1b8b3","USER_37","Player_37",1182,14,2,0,False,"unknown",1,"2025-09-28 13:39:10.373995","0.006","0.72","0.4","0.3753"
"22211ede-590a-428f-b66e-83f2b1785a1c","USER_39","Player_39",398,21,3,0,False,"exit",1,"2025-09-29 02:53:30.189901","0.401","0.58","0.6","0.527"
"e0cc557a-3efa-4d76-beea-3909821bd475","10876608988","simplybren_40",535,25,3,0,False,"failed",1,"2025-09-29 23:48:11.179238","0.3325","0.5","0.6","0.4775"
"21e03039-690a-44d7-97f7-8a58789c41b7","USER_45","Player_45",985,0,4,0,False,"unknown",1,"2025-09-30 00:24:49.133283","0.1433","1","0.8","0.6478"
"dec0361d-bf2f-4d72-b7cd-287833050be0","USER_2","Player_2",450,33,5,1,True,"summit",1,"2025-09-30 07:59:08.098282","0.625","0.34","1","0.655"
"9d0136d7-457a-4741-9f36-06260fd289ac","USER_15","Player_15",90,8,2,0,False,"exit",1,"2025-10-01 11:56:13.635202","0.37","0.84","0.4","0.5367"
"2b8e1d60-be68-4312-9244-18ad8859f61e","USER_11","Player_11",208,6,5,1,True,"summit",1,"2025-10-02 17:14:53.274775","0.8267","0.88","1","0.9022"
"0ed4a0d2-7ce9-438e-b6b5-81dc5026eb3b","USER_45","Player_45",446,6,2,0,False,"exit",1,"2025-10-02 19:40:20.210733","0.2513","0.88","0.4","0.5104"
"e6bb1581-5be7-4a33-9694-4da2a6b9ed91","USER_8","Player_8",421,11,4,0,False,"exit",1,"2025-10-03 01:54:26.788486","0.5193","0.78","0.8","0.6998"
"8eec9ce2-9f29-4383-ab9b-50f3e840312f","USER_21","Player_21",159,4,1,0,False,"exit",1,"2025-10-03 19:24:08.730458","0.1735","0.92","0.2","0.4312"
"1085aa0d-989b-4dca-a860-4cc51a55d2dc","USER_3","Player_3",338,23,2,0,False,"exit",1,"2025-10-04 04:41:25.39147","0.2873","0.54","0.4","0.4091"
"1eb1c137-d724-4ed6-b50e-51fc95f04d35","USER_9","Player_9",1009,12,2,0,False,"unknown",1,"2025-10-04 19:00:51.614243","0.0637","0.76","0.4","0.4079"
"f4bbb24b-b82b-482b-a874-ce5744b1b037","USER_23","Player_23",1156,2,5,1,True,"summit",1,"2025-10-04 21:56:02.841053","0.0367","0.96","1","0.6656"
"994cc325-e310-42ef-98bd-e60ec4dec65c","USER_27","Player_27",603,16,4,0,False,"exit",1,"2025-10-04 22:15:05.622526","0.398","0.68","0.8","0.626"
"0056bee9-ab71-47f6-8ba4-5f78ed4dc784","USER_32","Player_32",379,7,4,0,False,"exit",1,"2025-10-05 02:13:49.854877","0.5473","0.86","0.8","0.7358"
"16c461da-9a6b-4995-a149-a96b44532098","USER_5","Player_5",852,21,2,0,False,"exit",1,"2025-10-05 14:01:35.939297","0.116","0.58","0.4","0.3653"
"4788d239-19a3-4390-ab67-3d7377cff547","3257447993","Clamsxeny",115,20,3,0,False,"exit",1,"2025-10-05 14:33:23.092457","0.5425","0.6","0.6","0.5808"
"522ecaca-96a2-410f-8f09-4ed50f53ecb0","USER_49","Player_49",872,5,2,0,False,"exit",1,"2025-10-05 18:26:34.30341","0.1093","0.9","0.4","0.4698"
"ef798d06-c0ff-4153-858d-b7f04fa3c853","USER_16","Player_16",314,18,5,1,True,"summit",1,"2025-10-05 23:24:51.212067","0.7383","0.64","1","0.7928"
"24e633f9-9746-4745-bf8e-d6bb8903248f","USER_27","Player_27",347,21,1,0,False,"exit",1,"2025-10-06 07:52:26.047997","0.1422","0.58","0.2","0.3074"
"23b0c397-fcc1-4941-a56e-00837c9f4d92","USER_41","Player_41",667,4,3,0,False,"exit",1,"2025-10-06 10:33:39.279505","0.2665","0.92","0.6","0.5955"
"a9377905-328f-4aa0-83a4-9378a4bf95ea","USER_26","Player_26",305,36,2,0,False,"failed",1,"2025-10-06 21:43:12.352982","0.2983","0.28","0.4","0.3261"
"064e40e0-0118-40b8-9a64-781ddfe919db","USER_45","Player_45",177,11,2,0,False,"exit",1,"2025-10-07 01:56:16.580419","0.341","0.78","0.4","0.507"
"766fe6b0-5280-40fb-b66e-41b2d39fa086","USER_42","Player_42",320,24,2,0,False,"exit",1,"2025-10-07 02:19:07.731103","0.2933","0.52","0.4","0.4044"
"020afd93-ef39-466f-ac9d-952924372ee2","USER_44","Player_44",249,9,5,1,True,"summit",1,"2025-10-08 17:53:57.714766","0.7925","0.82","1","0.8708"
"83d9e538-1cce-4e56-89b0-058626f83dec","USER_24","Player_24",753,8,1,0,False,"exit",1,"2025-10-08 23:12:50.837016","0.0745","0.84","0.2","0.3715"
"b6dbc4ef-0ffb-4992-9e10-11b852d791e7","USER_45","Player_45",190,5,4,0,False,"exit",1,"2025-10-09 05:01:10.317058","0.6733","0.9","0.8","0.7911"
"891608a2-a5f1-4a7d-ba6b-27037d3ece82","USER_20","Player_20",458,9,5,1,True,"summit",1,"2025-10-09 06:50:29.531273","0.6183","0.82","1","0.8128"
"ae43efd9-9f2e-479b-bfa1-3dcd31659cfd","USER_31","Player_31",843,23,4,0,False,"exit",1,"2025-10-09 08:36:36.075531","0.238","0.54","0.8","0.526"
"ce11c740-7be3-4daf-b158-dd39aa3d23ec","USER_5","Player_5",403,12,1,0,False,"exit",1,"2025-10-09 14:25:02.678943","0.1328","0.76","0.2","0.3643"
"fd7726ca-113d-4083-a369-24585f46fe1d","USER_8","Player_8",288,11,1,0,False,"exit",1,"2025-10-10 01:32:19.350899","0.152","0.78","0.2","0.3773"
"1f0c2f73-a1f4-4ac6-8d88-0946d3dfb177","USER_22","Player_22",516,16,4,0,False,"exit",1,"2025-10-10 01:57:13.611571","0.456","0.68","0.8","0.6453"
"6d122f04-c498-419e-b664-192817474ac6","USER_35","Player_35",465,12,3,0,False,"exit",1,"2025-10-10 13:25:04.227183","0.3675","0.76","0.6","0.5758"
"21d90fb2-5689-4f1d-84b2-16974141f4c9","USER_15","Player_15",219,21,5,1,True,"summit",1,"2025-10-10 20:03:19.120579","0.8175","0.58","1","0.7992"
"50d0da1e-dfaa-4e6f-bac9-c496baaac454","USER_16","Player_16",217,9,5,1,True,"summit",1,"2025-10-11 01:10:12.433132","0.8192","0.82","1","0.8797"
"e064a5c9-8f9c-4dc8-b207-78bb17658438","USER_4","Player_4",207,4,4,0,False,"exit",1,"2025-10-11 10:42:49.615341","0.662","0.92","0.8","0.794"
"90b4d041-f9d9-41ee-8d78-bb120a6b63e2","USER_17","Player_17",196,10,3,0,False,"exit",1,"2025-10-11 21:13:28.9394","0.502","0.8","0.6","0.634"
"32f4d628-8c69-47fd-af1c-924c0e3cdb3a","USER_29","Player_29",436,8,2,0,False,"exit",1,"2025-10-12 18:55:41.1262","0.2547","0.84","0.4","0.4982"
"8c3d113a-e2b1-4df2-bed8-f3558cfd2fcd","10876608988","simplybren_40",195,4,4,0,False,"exit",1,"2025-10-13 01:22:10.730909","0.67","0.92","0.8","0.7967"
"61b92498-ecc6-43e5-8343-dd0ba4a5b4cc","USER_23","Player_23",281,29,3,0,False,"failed",1,"2025-10-13 01:58:00.614733","0.4595","0.42","0.6","0.4932"
"8b8191d3-d25c-4935-b862-7db34dbfdd66","USER_44","Player_44",186,5,3,0,False,"exit",1,"2025-10-13 20:22:36.778956","0.507","0.9","0.6","0.669"
"ff33e850-9344-40c5-9a93-c95aeee6ff04","USER_15","Player_15",171,15,2,0,False,"exit",1,"2025-10-14 09:04:16.434391","0.343","0.7","0.4","0.481"
"fca8a2e3-f5b3-492e-b21d-6325d6664d41","USER_4","Player_4",421,11,3,0,False,"exit",1,"2025-10-14 10:59:38.993688","0.3895","0.78","0.6","0.5898"
"50f418c7-1b6d-4e6e-b621-f5a91b92ed9d","USER_7","Player_7",770,12,5,1,True,"summit",1,"2025-10-15 00:50:43.43792","0.3583","0.76","1","0.7061"
"6b793edf-830a-4c33-877f-a9bf2ae09063","USER_23","Player_23",390,3,4,0,False,"exit",1,"2025-10-15 07:07:59.483426","0.54","0.94","0.8","0.76"
"e56a30ac-3830-40b7-ac70-b65fe5210962","USER_36","Player_36",645,12,1,0,False,"exit",1,"2025-10-15 18:59:53.513095","0.0925","0.76","0.2","0.3508"
"bfff0db7-5e7e-407a-88fb-f8ca0e072d5f","USER_35","Player_35",560,9,3,0,False,"exit",1,"2025-10-16 04:08:30.652303","0.32","0.82","0.6","0.58"
"59fdbbb5-16f5-4639-aa9a-e007972fad14","USER_43","Player_43",163,4,1,0,False,"exit",1,"2025-10-17 06:30:39.248348","0.1728","0.92","0.2","0.4309"
"2d3f3609-6317-4d99-83ab-a2713238117b","USER_30","Player_30",106,5,5,1,True,"summit",1,"2025-10-17 07:11:07.131024","0.9117","0.9","1","0.9372"
"c98089fa-82ea-418b-945a-6ee646ce1497","USER_11","Player_11",294,9,3,0,False,"exit",1,"2025-10-17 16:12:33.116838","0.453","0.82","0.6","0.6243"
"fd6e2349-1681-481e-bd70-3e843f6b306d","USER_46","Player_46",410,13,5,1,True,"summit",1,"2025-10-18 04:10:14.465034","0.6583","0.74","1","0.7994"
"dfddbf7d-84de-4475-a420-0f909447f0bc","USER_1","Player_1",329,23,4,0,False,"exit",1,"2025-10-18 14:07:04.291272","0.5807","0.54","0.8","0.6402"
"6372d46c-63a4-4f26-9551-1277de9f9289","USER_36","Player_36",534,4,5,1,True,"summit",1,"2025-10-18 21:55:01.04025","0.555","0.92","1","0.825"
"d563b13c-dc17-4559-9a0b-028ff181525f","USER_46","Player_46",204,15,1,0,False,"exit",1,"2025-10-19 00:53:22.464137","0.166","0.7","0.2","0.3553"
"d434c933-536c-457f-9863-ae3ba9a5bd48","USER_6","Player_6",172,42,4,0,False,"failed",1,"2025-10-19 06:42:44.989687","0.6853","0.16","0.8","0.5484"
"910f79a8-fc84-4141-bedf-f3dbcb7d8f84","USER_19","Player_19",360,9,2,0,False,"exit",1,"2025-10-19 07:04:46.758965","0.28","0.82","0.4","0.5"
"ed18f41f-a148-4e66-ac2b-6e61fb7d93d8","USER_16","Player_16",437,9,2,0,False,"exit",1,"2025-10-19 10:30:08.070673","0.2543","0.82","0.4","0.4914"
"735dc966-5caa-419d-a06a-69d57880d095","USER_29","Player_29",438,10,3,0,False,"exit",1,"2025-10-20 01:39:31.887003","0.381","0.8","0.6","0.5937"
"643befe0-78fd-41db-9968-e4108fb05afa","USER_16","Player_16",317,8,2,0,False,"exit",1,"2025-10-20 03:43:01.673554","0.2943","0.84","0.4","0.5114"
"887737a9-d7f1-46ff-bc41-cef0813fe584","USER_28","Player_28",239,0,1,0,False,"exit",1,"2025-10-20 16:47:39.500084","0.1602","1","0.2","0.4534"
"6cec9678-3cf4-45eb-b66b-3334483cfe54","USER_4","Player_4",258,4,2,0,False,"exit",1,"2025-10-20 22:53:48.467279","0.314","0.92","0.4","0.5447"
"28b595a4-ba51-4521-95cb-9376c9876afd","USER_17","Player_17",244,15,5,1,True,"summit",1,"2025-10-21 04:18:54.51121","0.7967","0.7","1","0.8322"
"2112a09b-b341-4aef-892a-b727a3db6163","USER_39","Player_39",368,19,2,0,False,"exit",1,"2025-10-21 09:49:53.55875","0.2773","0.62","0.4","0.4324"
"60b4173a-5456-4999-af91-fd5d03c09d76","USER_39","Player_39",290,21,2,0,False,"exit",1,"2025-10-21 13:12:56.642246","0.3033","0.58","0.4","0.4278"
"7c68570e-9380-45f0-94c4-8121071d1056","USER_47","Player_47",335,23,3,0,False,"exit",1,"2025-10-21 20:56:37.877584","0.4325","0.54","0.6","0.5242"
"3e81b9f9-99c6-48a2-97f6-d1af7f148826","USER_9","Player_9",495,19,3,0,False,"exit",1,"2025-10-22 10:03:15.950329","0.3525","0.62","0.6","0.5242"
"cf8a1e63-0491-4ffa-8a5d-d5a5c916fc2a","USER_14","Player_14",544,21,4,0,False,"exit",1,"2025-10-23 02:41:45.79365","0.4373","0.58","0.8","0.6058"
"44253e1e-11d3-4e31-ba18-23f917c4ca0c","USER_11","Player_11",988,49,5,1,True,"summit",1,"2025-10-23 16:28:02.947962","0.1767","0.02","1","0.3989"
"1222db6a-a2ea-4112-ae10-cb446fb37301","USER_15","Player_15",463,10,4,0,False,"exit",1,"2025-10-23 20:40:26.913466","0.4913","0.8","0.8","0.6971"
"3b4af9e0-967e-490c-86f1-d87236445761","USER_29","Player_29",127,19,3,0,False,"exit",1,"2025-10-24 19:46:19.934596","0.5365","0.62","0.6","0.5855"
"1b03f1d1-b80a-4d69-b7ca-7a1ccf974a06","USER_32","Player_32",321,19,4,0,False,"exit",1,"2025-10-25 09:37:39.801803","0.586","0.62","0.8","0.6687"
"5f33ac43-1f30-4e85-b346-4469e6ceaedb","USER_12","Player_12",1197,17,1,0,False,"unknown",1,"2025-10-26 05:12:01.459829","0.0005","0.66","0.2","0.2868"
"047d48b3-8754-4665-8300-30cd1cfd1ae4","USER_49","Player_49",583,36,4,0,False,"failed",1,"2025-10-26 10:59:29.030277","0.4113","0.28","0.8","0.4971"
"8ad05cf1-4f7e-4fec-a511-fbf6fd83b64c","USER_35","Player_35",200,23,4,0,False,"exit",1,"2025-10-26 12:28:14.854121","0.6667","0.54","0.8","0.6689"
"dffba6f9-61fd-41e4-bc00-f72403b1a0ea","USER_32","Player_32",312,22,1,0,False,"exit",1,"2025-10-26 13:00:59.481112","0.148","0.56","0.2","0.3027"
"155f8bde-bedb-4887-b725-564a814f7c29","USER_12","Player_12",1057,9,5,1,True,"summit",1,"2025-10-26 17:34:23.136556","0.1192","0.82","1","0.6464"
"814c9f55-eddd-4df3-9d0b-b8e70a6dd03c","USER_3","Player_3",591,11,3,0,False,"exit",1,"2025-10-26 18:09:53.73967","0.3045","0.78","0.6","0.5615"
"7e392298-7723-44ee-9e3e-0d3a3e05d34c","USER_19","Player_19",172,23,5,1,True,"summit",1,"2025-10-27 11:06:01.060279","0.8567","0.54","1","0.7989"
"2a58590e-aa27-4388-874d-c0ab6bd1fa0c","USER_21","Player_21",887,14,2,0,False,"exit",1,"2025-10-27 17:56:13.184211","0.1043","0.72","0.4","0.4081"
"e8af1951-cc6e-4ee8-81e2-1fa7e3611b96","USER_35","Player_35",573,20,3,0,False,"exit",1,"2025-10-27 20:03:57.966439","0.3135","0.6","0.6","0.5045"
"f88efbd8-c839-4c82-953f-cec6e18ea053","USER_7","Player_7",511,45,2,0,False,"failed",1,"2025-10-27 21:35:17.556251","0.2297","0.1","0.4","0.2432"
"0f2f11ed-f116-478f-bcf8-f165e6909d27","3257447993","Clamsxeny",539,23,2,0,False,"exit",1,"2025-10-28 01:29:14.855455","0.2203","0.54","0.4","0.3868"
"46a88444-0001-401e-b7d3-dbb60591ac8f","USER_42","Player_42",870,13,1,0,False,"exit",1,"2025-10-28 06:33:56.257045","0.055","0.74","0.2","0.3317"
"6572a521-904d-4d1d-9a21-9398ab1cec41","USER_16","Player_16",877,18,3,0,False,"exit",1,"2025-10-28 17:26:55.423883","0.1615","0.64","0.6","0.4672"
"e6abb35d-f375-436b-a5f4-5f63456b808b","USER_46","Player_46",486,48,3,0,False,"failed",1,"2025-10-29 03:01:56.397185","0.357","0.04","0.6","0.3323"
"18030ce8-67c0-4836-809d-30ef3cee0906","USER_13","Player_13",670,6,2,0,False,"exit",1,"2025-10-30 14:07:55.459266","0.1767","0.88","0.4","0.4856"
"77f41257-2d60-493b-a111-24cdec344a3a","USER_10","Player_10",593,8,1,0,False,"exit",1,"2025-10-30 20:28:08.485218","0.1012","0.84","0.2","0.3804"
"1f34919d-ea42-4329-8bdf-5148df344f77","USER_24","Player_24",320,1,3,0,False,"exit",1,"2025-10-30 23:11:06.087335","0.44","0.98","0.6","0.6733"
"c8203833-c202-4a60-85bb-c59bb62c8e30","USER_49","Player_49",561,21,5,1,True,"summit",1,"2025-10-31 09:41:00.741547","0.5325","0.58","1","0.7042"
"126b1037-6183-4b49-a18c-3cf408e79535","USER_24","Player_24",568,18,2,0,False,"exit",1,"2025-10-31 21:19:03.321338","0.2107","0.64","0.4","0.4169"
"deabd9d8-8111-4982-8d41-20c949f3478a","USER_25","Player_25",876,18,5,1,True,"summit",1,"2025-11-01 01:57:16.462858","0.27","0.64","1","0.6367"
"79dbda85-79aa-444c-a7b0-b4c4c29989fd","USER_46","Player_46",582,2,2,0,False,"exit",1,"2025-11-01 17:03:35.732684","0.206","0.96","0.4","0.522"
"270cafd3-dc96-4b76-97ec-985dd17f34c7","USER_26","Player_26",353,11,3,0,False,"exit",1,"2025-11-01 19:54:03.138335","0.4235","0.78","0.6","0.6012"
"4608b2eb-65e9-4c58-9abf-fdd90b93402a","USER_23","Player_23",833,32,5,1,True,"summit",1,"2025-11-03 01:02:59.064616","0.3058","0.36","1","0.5553"
"ce665786-235f-49fa-acbd-f30650f57aa6","USER_39","Player_39",834,8,2,0,False,"exit",1,"2025-11-03 07:27:41.28631","0.122","0.84","0.4","0.454"
"e03fe241-c38f-449a-bf22-9cf5af78c096","USER_10","Player_10",213,5,1,0,False,"exit",1,"2025-11-03 12:40:41.260072","0.1645","0.9","0.2","0.4215"
"c07c884b-cb4b-41da-a5f0-fc05b357ec7e","USER_29","Player_29",263,5,1,0,False,"exit",1,"2025-11-03 15:29:57.066016","0.1562","0.9","0.2","0.4187"
"2c2481cb-7428-4546-86b0-23a62d87017a","USER_44","Player_44",350,3,2,0,False,"exit",1,"2025-11-03 15:51:29.151266","0.2833","0.94","0.4","0.5411"
"1a4d5124-4b4e-40fb-a98f-5abf26a0872e","USER_11","Player_11",846,14,4,0,False,"exit",1,"2025-11-03 17:47:17.582586","0.236","0.72","0.8","0.5853"
"50b694f9-afbc-45a9-8535-60afe586914c","USER_8","Player_8",487,34,3,0,False,"failed",1,"2025-11-03 19:25:59.339157","0.3565","0.32","0.6","0.4255"
"ad1fa9e9-39fb-494e-a56a-1e962f43181b","USER_25","Player_25",363,13,2,0,False,"exit",1,"2025-11-03 20:23:01.713386","0.279","0.74","0.4","0.473"
"dcaedd6c-7749-42f9-8f0c-802affd5a406","USER_22","Player_22",213,29,3,0,False,"failed",1,"2025-11-04 00:10:55.677871","0.4935","0.42","0.6","0.5045"
"d12d9c94-6490-4b84-80dd-6c06fe829179","USER_38","Player_38",1198,4,4,0,False,"unknown",1,"2025-11-04 14:38:08.385575","0.0013","0.92","0.8","0.5738"
"084021d3-ce09-414d-82b6-e5f7dc8ba918","USER_11","Player_11",324,13,1,0,False,"exit",1,"2025-11-04 16:22:57.785423","0.146","0.74","0.2","0.362"
"422a69cd-584b-4b15-8315-a894e5e9f351","USER_9","Player_9",485,13,4,0,False,"exit",1,"2025-11-04 19:46:06.717645","0.4767","0.74","0.8","0.6722"
"b8bf1efa-c4c0-4b55-be1c-9e634a685a76","USER_40","Player_40",235,14,5,1,True,"summit",1,"2025-11-05 21:51:51.601652","0.8042","0.72","1","0.8414"
"136ca2d6-51f5-4e12-81ca-a422d07da86f","USER_25","Player_25",897,8,5,1,True,"summit",1,"2025-11-06 03:06:02.690239","0.2525","0.84","1","0.6975"
"48056d31-0f07-4ab3-938e-cb091523b43f","USER_6","Player_6",1128,16,4,0,False,"unknown",1,"2025-11-07 06:19:27.31324","0.048","0.68","0.8","0.5093"
"652a305a-88f1-4330-b33b-224795a639e8","USER_50","Player_50",563,7,2,0,False,"exit",1,"2025-11-08 10:32:58.069928","0.2123","0.86","0.4","0.4908"
"1eaf0068-f3c0-4c84-8356-a4571107e95f","USER_32","Player_32",592,27,1,0,False,"failed",1,"2025-11-08 15:56:36.369609","0.1013","0.46","0.2","0.2538"
"aacae7f5-ae4c-4e41-b942-2587091c2797","USER_8","Player_8",673,9,3,0,False,"exit",1,"2025-11-08 18:30:32.872266","0.2635","0.82","0.6","0.5612"
"e5461f33-a321-425d-a1d6-64d76b34aeac","USER_19","Player_19",325,1,3,0,False,"exit",1,"2025-11-08 23:00:30.077247","0.4375","0.98","0.6","0.6725"
"54659a09-641b-41a0-9e8e-170e75958fd3","USER_19","Player_19",824,24,4,0,False,"exit",1,"2025-11-09 05:55:56.901248","0.2507","0.52","0.8","0.5236"
"4a7ea642-7f65-4775-92ff-e0e828892aa0","USER_29","Player_29",689,19,2,0,False,"exit",1,"2025-11-09 11:35:23.183483","0.1703","0.62","0.4","0.3968"
"d4fe8ffc-2672-4a83-92fa-bdad730aa8d7","3257447993","Clamsxeny",425,6,4,0,False,"exit",1,"2025-11-09 16:40:46.554138","0.5167","0.88","0.8","0.7322"
"351fdb8d-0bfe-4371-9c2d-faf9f9f9bcad","USER_38","Player_38",356,3,2,0,False,"exit",1,"2025-11-09 18:04:53.873967","0.2813","0.94","0.4","0.5404"
"977a79bc-9b32-4ee6-a817-7c9f7ea273f0","USER_31","Player_31",273,8,2,0,False,"exit",1,"2025-11-09 20:13:03.182109","0.309","0.84","0.4","0.5163"
"7383521c-3a69-4f00-95bd-22d40df80022","USER_19","Player_19",1022,9,4,0,False,"unknown",1,"2025-11-09 21:07:20.99685","0.1187","0.82","0.8","0.5796"
"77614705-cea9-470e-84b3-07f165880341","USER_10","Player_10",121,15,5,1,True,"summit",1,"2025-11-09 22:02:46.479451","0.8992","0.7","1","0.8664"
"e49a3662-0ded-4e10-b3a7-addaf035cc8c","USER_49","Player_49",1106,2,3,0,False,"unknown",1,"2025-11-10 09:00:26.715703","0.047","0.96","0.6","0.5357"
"48b5ef5f-7f36-43b1-be7a-8e02ef134066","USER_46","Player_46",484,7,5,1,True,"summit",1,"2025-11-10 09:48:46.521189","0.5967","0.86","1","0.8189"
"9fbea33d-38ce-4c1f-9b1d-5037e5b10633","3257447993","Clamsxeny",315,21,1,0,False,"exit",1,"2025-11-10 11:43:56.204984","0.1475","0.58","0.2","0.3092"
"14263f8d-9f40-4b40-9ccf-f574be75e2fc","USER_42","Player_42",733,10,1,0,False,"exit",1,"2025-11-10 15:04:57.427208","0.0778","0.8","0.2","0.3593"
"f910bc1f-6d6d-4fbd-9b12-78688370cad6","USER_49","Player_49",683,41,4,0,False,"failed",1,"2025-11-10 21:42:27.027837","0.3447","0.18","0.8","0.4416"
"295af801-f254-4bc9-b706-2cb36cdbc64a","USER_50","Player_50",1027,20,3,0,False,"unknown",1,"2025-11-11 10:53:56.953287","0.0865","0.6","0.6","0.4288"
"3e9b8ab7-6e26-43e8-b88a-8d048384d7ba","USER_39","Player_39",1065,35,4,0,False,"failed",1,"2025-11-11 17:23:59.353181","0.09","0.3","0.8","0.3967"
"ca84da05-1e93-4c6d-836b-14b8a9fc8c70","USER_15","Player_15",827,40,4,0,False,"failed",1,"2025-11-11 23:09:35.27791","0.2487","0.2","0.8","0.4162"
"4dae7d13-615b-41ce-a306-312589cb4203","USER_35","Player_35",379,4,1,0,False,"exit",1,"2025-11-12 02:25:39.286658","0.1368","0.92","0.2","0.4189"
"d96a929b-3746-49b4-8a9c-0c2d6ad0b1bf","USER_2","Player_2",326,15,3,0,False,"exit",1,"2025-11-12 18:23:15.378908","0.437","0.7","0.6","0.579"
"e66071c4-e3dc-45ea-858d-df3b47510438","USER_33","Player_33",306,7,2,0,False,"exit",1,"2025-11-12 22:15:02.432216","0.298","0.86","0.4","0.5193"
"e40d10e4-875c-4b84-a198-2426a83e6f1a","USER_39","Player_39",867,0,1,0,False,"exit",1,"2025-11-12 23:50:54.241203","0.0555","1","0.2","0.4185"
"7bf2b068-9bc8-4651-a089-a489e8782177","USER_36","Player_36",666,38,5,1,True,"summit",1,"2025-11-13 17:47:11.53169","0.445","0.24","1","0.5617"
"7abfc440-8bd7-45bb-8e03-8a1df7e0e034","USER_36","Player_36",394,8,3,0,False,"exit",1,"2025-11-13 21:16:52.702638","0.403","0.84","0.6","0.6143"
"3c9e9443-d88d-4983-82bc-39318da369d8","USER_43","Player_43",533,23,3,0,False,"exit",1,"2025-11-13 22:12:23.779409","0.3335","0.54","0.6","0.4912"
"1ea30d5e-615e-4fc1-bfef-2dbcfb7b4ed1","USER_39","Player_39",184,13,2,0,False,"exit",1,"2025-11-14 00:13:00.965953","0.3387","0.74","0.4","0.4929"
"dc72e749-a736-44d3-aaf4-9f67abc5c915","USER_1","Player_1",81,24,3,0,False,"exit",1,"2025-11-14 23:24:36.834998","0.5595","0.52","0.6","0.5598"
"aa5e3696-fd71-447a-9c6b-6aca3c488a54","USER_23","Player_23",184,22,1,0,False,"exit",1,"2025-11-15 13:58:15.928597","0.1693","0.56","0.2","0.3098"
"47e90292-42d2-404f-9016-2cc2036dd8b1","USER_44","Player_44",422,11,3,0,False,"exit",1,"2025-11-15 18:04:49.650453","0.389","0.78","0.6","0.5897"
"f10c619c-6bdd-42cd-b406-67bb49f30f57","USER_48","Player_48",150,6,3,0,False,"exit",1,"2025-11-16 17:16:16.4952","0.525","0.88","0.6","0.6683"
"6096db7d-8a26-4548-9202-e0e615002b57","USER_18","Player_18",257,37,3,0,False,"failed",1,"2025-11-16 22:16:45.850823","0.4715","0.26","0.6","0.4438"
"0900d0fb-0ff9-4a17-a448-405cef05c775","USER_33","Player_33",547,4,3,0,False,"exit",1,"2025-11-17 01:41:30.625249","0.3265","0.92","0.6","0.6155"
"7db34ef0-3fa3-4f3f-bec3-0fd4cfac1f73","USER_43","Player_43",345,18,3,0,False,"exit",1,"2025-11-17 02:08:59.795413","0.4275","0.64","0.6","0.5558"
"70ab8670-fc8f-45f4-b9f4-4099c4f513f7","USER_19","Player_19",164,20,2,0,False,"exit",1,"2025-11-17 11:43:17.84362","0.3453","0.6","0.4","0.4484"
"24f0906b-0b8d-4ece-a490-a44ae12e52e8","USER_34","Player_34",250,8,5,1,True,"summit",1,"2025-11-19 04:01:31.149757","0.7917","0.84","1","0.8772"
"d0eb7a98-bdf6-40b6-97e6-4a2f649e84d0","USER_19","Player_19",161,17,5,1,True,"summit",1,"2025-11-19 18:21:23.686916","0.8658","0.66","1","0.8419"
"5649f47f-d84a-4044-82fe-058624789f36","USER_49","Player_49",396,19,2,0,False,"exit",1,"2025-11-19 20:19:08.137955","0.268","0.62","0.4","0.4293"
"797202a7-906c-4db7-8c1e-97123bbf9a6f","USER_19","Player_19",373,20,1,0,False,"exit",1,"2025-11-20 00:02:22.711079","0.1378","0.6","0.2","0.3126"
"f9014bc8-ba33-4d6f-9984-b1ff74cffc42","3257447993","Clamsxeny",1156,10,5,1,True,"summit",1,"2025-11-20 06:26:48.548941","0.0367","0.8","1","0.6122"
"81ed9834-1fea-4a06-8131-1087ade52c70","USER_32","Player_32",566,8,5,1,True,"summit",1,"2025-11-20 16:40:15.653229","0.5283","0.84","1","0.7894"
"ea8fe2f4-31ee-409c-8857-ca5b47f46477","USER_18","Player_18",66,17,4,0,False,"exit",1,"2025-11-21 04:02:11.850479","0.756","0.66","0.8","0.7387"
"0e5d2365-afa0-481a-9376-10a22af59069","USER_13","Player_13",706,2,5,1,True,"summit",1,"2025-11-21 07:35:11.776799","0.4117","0.96","1","0.7906"
"fb80297c-0c03-47a2-bcce-8b4b42214762","USER_4","Player_4",143,11,4,0,False,"exit",1,"2025-11-22 02:37:37.787401","0.7047","0.78","0.8","0.7616"
"ea095919-8344-4f87-9df5-363ce77a5c4e","USER_27","Player_27",70,41,3,0,False,"failed",1,"2025-11-22 02:40:35.722804","0.565","0.18","0.6","0.4483"
"6868e577-ffdf-4a62-a5b2-53b29b2d4219","USER_21","Player_21",543,22,3,0,False,"exit",1,"2025-11-22 06:40:51.46656","0.3285","0.56","0.6","0.4962"
"9494c310-eab7-4137-9c71-15cddb470132","USER_12","Player_12",788,21,4,0,False,"exit",1,"2025-11-22 09:47:32.848544","0.2747","0.58","0.8","0.5516"
"e446b48a-daf3-4c47-8e62-e4126e13bdef","USER_47","Player_47",432,0,2,0,False,"exit",1,"2025-11-22 15:32:06.399844","0.256","1","0.4","0.552"
"c5686699-1db4-4279-a399-3d7a4d4f34b0","USER_17","Player_17",374,46,1,0,False,"failed",1,"2025-11-22 21:27:50.557353","0.1377","0.08","0.2","0.1392"
"ea0ca102-1d5d-4001-abc0-85a5e1774274","USER_7","Player_7",261,10,1,0,False,"exit",1,"2025-11-22 23:18:00.552596","0.1565","0.8","0.2","0.3855"
"5f479b47-846a-44a1-8cc6-81ae0fe77564","USER_12","Player_12",205,1,2,0,False,"exit",1,"2025-11-23 16:41:01.263254","0.3317","0.98","0.4","0.5706"
"f223848e-dfa5-4e5c-b3b4-c03e636d1420","USER_36","Player_36",470,10,5,1,True,"summit",1,"2025-11-23 21:33:55.138072","0.6083","0.8","1","0.8028"
"52716e59-dfc3-4f12-8b47-81d41f83bf62","USER_10","Player_10",231,23,5,1,True,"summit",1,"2025-11-24 08:59:36.992859","0.8075","0.54","1","0.7825"
"f53b605a-0687-4355-9023-19105af4c48b","USER_8","Player_8",520,44,2,0,False,"failed",1,"2025-11-25 08:05:46.722067","0.2267","0.12","0.4","0.2489"
"ba1026a0-c430-4cef-8ec3-f1ffffae464d","USER_28","Player_28",592,29,2,0,False,"failed",1,"2025-11-26 13:39:05.911249","0.2027","0.42","0.4","0.3409"
"1a4222b9-65a6-4a9e-8b91-ce4268f32bd2","USER_33","Player_33",209,19,2,0,False,"exit",1,"2025-11-26 19:06:19.854048","0.3303","0.62","0.4","0.4501"
"c1f72f36-ed8a-4b0e-bc57-62b9428ca3de","USER_48","Player_48",288,6,4,0,False,"exit",1,"2025-11-26 20:10:54.296122","0.608","0.88","0.8","0.7627"
"ac423ccb-1ac5-412e-bf99-c0fb96ac2f2e","USER_27","Player_27",568,0,4,0,False,"exit",1,"2025-11-27 06:43:02.213843","0.4213","1","0.8","0.7404"
"f7c1a551-5629-4601-9a5a-98e8f1bb8aa1","USER_48","Player_48",136,4,5,1,True,"summit",1,"2025-11-27 14:44:28.183961","0.8867","0.92","1","0.9356"
"f927888c-a093-45cc-b90d-dc563c375efc","USER_32","Player_32",498,48,1,0,False,"failed",1,"2025-11-27 17:24:51.761648","0.117","0.04","0.2","0.119"
"dd75e23e-3ce0-4d07-99a5-06b359fa45fc","USER_15","Player_15",397,8,5,1,True,"summit",1,"2025-11-27 19:47:31.882174","0.6692","0.84","1","0.8364"
"eeb21f77-d46c-4efa-a22f-0fb5c2a61027","USER_43","Player_43",163,39,4,0,False,"failed",1,"2025-11-27 22:08:14.248937","0.6913","0.22","0.8","0.5704"
"67843dc8-a84a-478b-8c21-2ce94c543b62","USER_47","Player_47",782,19,1,0,False,"exit",1,"2025-11-27 22:58:38.827115","0.0697","0.62","0.2","0.2966"
"00ac3ef3-c563-4ecc-b008-1f5a188e9332","USER_30","Player_30",173,22,5,1,True,"summit",1,"2025-11-28 05:20:11.128812","0.8558","0.56","1","0.8053"
"ca8d3718-dd36-45ad-8664-c7614ca28eb8","USER_47","Player_47",176,11,5,1,True,"summit",1,"2025-11-28 12:32:40.364469","0.8533","0.78","1","0.8778"
"87fe9d08-2050-408d-a6f3-89d799477e60","USER_17","Player_17",550,2,1,0,False,"exit",1,"2025-11-28 16:34:43.722611","0.1083","0.96","0.2","0.4228"
"0937e5df-316f-41a2-8338-9d30c12efdce","USER_33","Player_33",386,45,5,1,True,"summit",1,"2025-11-29 07:39:26.253198","0.6783","0.1","1","0.5928"
"56e9460f-6eb8-4f67-846e-16af0662a0d3","USER_30","Player_30",354,3,1,0,False,"exit",1,"2025-11-29 19:50:27.979525","0.141","0.94","0.2","0.427"
"9f19b5ea-81aa-43cf-9098-6e058473c67c","USER_4","Player_4",211,39,4,0,False,"failed",1,"2025-11-29 22:54:04.183287","0.6593","0.22","0.8","0.5598"
"40bca8e1-5a65-4062-a6a2-b505c23505d9","USER_48","Player_48",435,9,2,0,False,"exit",1,"2025-11-30 01:45:00.805097","0.255","0.82","0.4","0.4917"
"520a23eb-02da-48b9-aa5d-6a87e8168704","USER_13","Player_13",146,8,1,0,False,"exit",1,"2025-11-30 05:02:30.595347","0.1757","0.84","0.2","0.4052"
"cb054d4a-17e7-44d3-85a6-fd60eb953c1c","USER_35","Player_35",356,15,4,0,False,"exit",1,"2025-11-30 05:55:14.498297","0.5627","0.7","0.8","0.6876"
"d257dc60-80fb-49ec-93ca-ee54a6feb189","USER_40","Player_40",583,8,4,0,False,"exit",1,"2025-12-01 09:50:12.406736","0.4113","0.84","0.8","0.6838"
"86ed99b7-46e7-4fe6-ac86-d8d50a3d2e31","USER_37","Player_37",543,12,2,0,False,"exit",1,"2025-12-01 17:32:55.479865","0.219","0.76","0.4","0.4597"
"cc59901c-e835-4f64-9010-636bb7c94733","USER_34","Player_34",350,13,3,0,False,"exit",1,"2025-12-01 20:46:46.294982","0.425","0.74","0.6","0.5883"
"32fae9ab-6aaf-4e26-922f-30e3fa9c6c78","USER_45","Player_45",1111,5,5,1,True,"summit",1,"2025-12-02 03:34:57.218585","0.0742","0.9","1","0.6581"
"e3041f02-8599-4a57-bfb9-6b7a45f4671b","USER_10","Player_10",427,3,4,0,False,"exit",1,"2025-12-02 21:59:24.083708","0.5153","0.94","0.8","0.7518"
"39514691-67ec-4941-8442-1f1c8806695e","USER_3","Player_3",382,12,3,0,False,"exit",1,"2025-12-03 02:47:13.135674","0.409","0.76","0.6","0.5897"
"dbe9792f-dac6-4ff3-a2c0-8c0dd241890e","USER_50","Player_50",68,23,4,0,False,"exit",1,"2025-12-03 11:28:25.209502","0.7547","0.54","0.8","0.6982"
"c4c7570c-e1d5-4c88-ac4a-c9679614cbf5","USER_7","Player_7",379,10,4,0,False,"exit",1,"2025-12-03 19:00:13.971512","0.5473","0.8","0.8","0.7158"
"7c902cb2-d402-4d5d-840e-896e237cd3b5","USER_3","Player_3",779,28,4,0,False,"failed",1,"2025-12-04 21:16:35.526521","0.2807","0.44","0.8","0.5069"
"79f26bbf-02bf-4f61-baa1-60766b69db94","USER_29","Player_29",502,5,5,1,True,"summit",1,"2025-12-05 17:52:23.308698","0.5817","0.9","1","0.8272"
"f726d001-2448-4b41-b750-43b1487faa10","USER_23","Player_23",485,8,5,1,True,"summit",1,"2025-12-05 23:02:46.562159","0.5958","0.84","1","0.8119"
"a93248dd-e25b-4836-8a35-4eb20aea033a","USER_6","Player_6",857,48,3,0,False,"failed",1,"2025-12-06 06:45:07.962814","0.1715","0.04","0.6","0.2705"
"97847427-f31b-4975-8c54-74c471d350aa","USER_36","Player_36",335,4,1,0,False,"exit",1,"2025-12-06 06:49:17.94404","0.1442","0.92","0.2","0.4214"
"e7ade39e-5d81-4297-8270-eead15d10757","USER_35","Player_35",395,46,4,0,False,"failed",1,"2025-12-06 12:50:13.760893","0.5367","0.08","0.8","0.4722"
"4555b5fb-520e-468d-ad82-2c7f3dae9963","USER_45","Player_45",715,15,2,0,False,"exit",1,"2025-12-07 01:43:22.332734","0.1617","0.7","0.4","0.4206"
"e64b6eda-a2d3-479d-b120-e844d85c6f25","USER_28","Player_28",493,4,2,0,False,"exit",1,"2025-12-07 09:47:15.403089","0.2357","0.92","0.4","0.5186"
"269a0905-5294-48dd-be82-78aa5702a8c1","USER_1","Player_1",694,15,1,0,False,"exit",1,"2025-12-07 13:06:01.931847","0.0843","0.7","0.2","0.3281"
"77862e9c-117d-441d-be44-a30e4c0cdbb9","USER_36","Player_36",354,24,3,0,False,"exit",1,"2025-12-07 13:14:07.249841","0.423","0.52","0.6","0.5143"
"989424ff-4285-4240-9632-ae97612c50e5","USER_40","Player_40",187,10,3,0,False,"exit",1,"2025-12-08 05:39:54.378888","0.5065","0.8","0.6","0.6355"
"e6a48279-4e66-4a4b-8a4a-a8bba3c0c924","10876608988","simplybren_40",946,14,4,0,False,"unknown",1,"2025-12-08 06:51:41.853268","0.1693","0.72","0.8","0.5631"
"c6d01ab3-72d2-486a-a6db-eecae6fe402e","USER_49","Player_49",179,36,2,0,False,"failed",1,"2025-12-08 16:50:17.859452","0.3403","0.28","0.4","0.3401"
"8ff120a5-6278-427c-9da9-bbf8df0db806","USER_35","Player_35",340,10,2,0,False,"exit",1,"2025-12-09 00:21:02.549542","0.2867","0.8","0.4","0.4956"
"47bafd83-07c4-4426-b6cd-0631b2041561","10876608988","simplybren_40",558,2,4,0,False,"exit",1,"2025-12-09 05:39:12.056239","0.428","0.96","0.8","0.7293"
"70c2c5d4-1782-4b19-8b2c-8adfff00ee19","USER_16","Player_16",957,19,5,1,True,"summit",1,"2025-12-09 13:18:17.553279","0.2025","0.62","1","0.6075"
"83f2bffa-6f8e-4a15-824c-446d33ae686a","USER_34","Player_34",465,8,4,0,False,"exit",1,"2025-12-09 14:14:48.287659","0.49","0.84","0.8","0.71"
"760cd8ed-a8ae-4335-9179-c40a3d4fc100","USER_40","Player_40",362,24,1,0,False,"exit",1,"2025-12-09 16:41:00.475073","0.1397","0.52","0.2","0.2866"
"a4e6543d-4afa-4cb2-941f-d8ecc6bf9486","USER_7","Player_7",526,10,4,0,False,"exit",1,"2025-12-09 17:54:11.432512","0.4493","0.8","0.8","0.6831"
"d1095547-cd3b-425a-9d9a-8bb77a215008","USER_37","Player_37",256,8,4,0,False,"exit",1,"2025-12-09 19:50:10.192754","0.6293","0.84","0.8","0.7564"
"8f77f14e-8ddd-4ac5-a144-88aea2702021","USER_9","Player_9",536,13,4,0,False,"exit",1,"2025-12-10 10:12:49.050885","0.4427","0.74","0.8","0.6609"
"4f99b9b9-1923-41ec-9bd0-de74638c432a","USER_27","Player_27",234,11,2,0,False,"exit",1,"2025-12-11 04:03:26.323563","0.322","0.78","0.4","0.5007"
"1ca8e850-4961-4eaa-8d84-c0a431056a79","USER_6","Player_6",92,1,3,0,False,"exit",1,"2025-12-11 05:43:38.032564","0.554","0.98","0.6","0.7113"
"6230ee5e-51cb-4cb6-ba06-4e6422063ec9","USER_7","Player_7",436,3,2,0,False,"exit",1,"2025-12-11 08:25:21.462525","0.2547","0.94","0.4","0.5316"
"02a5975d-4832-43e5-b9bf-f92060ee5271","USER_36","Player_36",691,8,1,0,False,"exit",1,"2025-12-11 10:43:37.878948","0.0848","0.84","0.2","0.3749"
"55aaee63-9be4-4c96-9f30-2a2725620b7c","USER_39","Player_39",798,5,2,0,False,"exit",1,"2025-12-11 15:23:13.686957","0.134","0.9","0.4","0.478"
"4cfc8bc8-56e3-4123-a2d6-6538153a4378","USER_28","Player_28",149,10,4,0,False,"exit",1,"2025-12-12 11:19:49.928789","0.7007","0.8","0.8","0.7669"
"271ed8f6-687b-41b8-a023-139d2417666f","USER_12","Player_12",286,18,5,1,True,"summit",1,"2025-12-12 13:43:39.347561","0.7617","0.64","1","0.8006"
"673f3966-6a8d-4052-bdd0-a2474aa42806","USER_15","Player_15",533,1,3,0,False,"exit",1,"2025-12-12 15:50:17.534785","0.3335","0.98","0.6","0.6378"
"f78b57e8-848b-4c43-95ac-910cf0f160fc","USER_21","Player_21",744,0,4,0,False,"exit",1,"2025-12-13 05:40:17.933829","0.304","1","0.8","0.7013"
"dd5c7d78-1d2a-4d2f-9214-bd3ea8f783cd","USER_16","Player_16",678,5,4,0,False,"exit",1,"2025-12-13 08:46:16.214016","0.348","0.9","0.8","0.6827"
"d5e313dc-6196-403b-a179-da306c769ce6","USER_33","Player_33",574,5,5,1,True,"summit",1,"2025-12-13 10:19:13.958885","0.5217","0.9","1","0.8072"
"3504bf1a-5352-48d3-86b3-a10a397f57a9","USER_40","Player_40",872,5,5,1,True,"summit",1,"2025-12-13 18:34:51.142922","0.2733","0.9","1","0.7244"
"d12708c0-a7ef-44e6-97d9-cec7fd2164c6","USER_34","Player_34",479,12,4,0,False,"exit",1,"2025-12-13 20:43:12.796631","0.4807","0.76","0.8","0.6802"
"ef807b56-ce03-4892-b18c-3dadf25fc934","3257447993","Clamsxeny",283,27,3,0,False,"failed",1,"2025-12-14 01:14:42.977373","0.4585","0.46","0.6","0.5062"
"6d2fd9e1-d276-42b3-be45-c9217b761d01","USER_17","Player_17",334,16,2,0,False,"exit",1,"2025-12-14 01:39:30.711161","0.2887","0.68","0.4","0.4562"
"6075e18a-2127-4771-bfa6-e0cc98d354b6","USER_4","Player_4",493,0,2,0,False,"exit",1,"2025-12-14 05:45:26.673584","0.2357","1","0.4","0.5452"
"6f1ac5e0-479e-4742-9ab3-1b7f5182a379","USER_25","Player_25",311,16,5,1,True,"summit",1,"2025-12-14 08:20:34.522479","0.7408","0.68","1","0.8069"
"a1ab8f2e-9b77-47b0-a658-97331a4b6b15","USER_5","Player_5",145,3,4,0,False,"exit",1,"2025-12-14 14:01:33.995384","0.7033","0.94","0.8","0.8144"
"50ffd716-2476-467a-9a86-a1d18ba3f033","USER_50","Player_50",110,13,3,0,False,"exit",1,"2025-12-14 15:38:58.576312","0.545","0.74","0.6","0.6283"
"3e47a62b-4457-4f88-a3e8-efd71a7e47db","USER_16","Player_16",1018,40,5,1,True,"summit",1,"2025-12-14 18:10:18.575446","0.1517","0.2","1","0.4506"
"e4147d14-2e25-4ccf-b05f-058230d2bc53","USER_8","Player_8",248,4,2,0,False,"exit",1,"2025-12-15 09:11:46.773431","0.3173","0.92","0.4","0.5458"
"c77c91c4-41d6-405d-a8b0-47c503d01e7f","10876608988","simplybren_40",634,11,5,1,True,"summit",1,"2025-12-15 17:18:48.292137","0.4717","0.78","1","0.7506"
"6fb81024-678e-4333-be30-a467a16e5f39","USER_34","Player_34",85,14,5,1,True,"summit",1,"2025-12-16 00:51:51.625467","0.9292","0.72","1","0.8831"
"e515266b-f9f4-4154-a981-22025d603575","USER_12","Player_12",308,11,2,0,False,"exit",1,"2025-12-18 08:54:36.443818","0.2973","0.78","0.4","0.4924"
"e243e367-d0d4-4c83-ab2f-b12fa75174aa","USER_31","Player_31",898,7,3,0,False,"exit",1,"2025-12-18 10:45:05.024801","0.151","0.86","0.6","0.537"
"42aa0367-930a-41ed-ba49-5d38f63d5ad2","USER_42","Player_42",845,38,2,0,False,"failed",1,"2025-12-19 01:43:21.582046","0.1183","0.24","0.4","0.2528"
"23f8f896-755d-433c-8925-f57507572a93","USER_15","Player_15",872,16,5,1,True,"summit",1,"2025-12-19 05:33:38.873992","0.2733","0.68","1","0.6511"
"77fc615b-cf90-4b6f-a5c6-1154b154ece7","USER_10","Player_10",471,25,2,0,False,"failed",1,"2025-12-19 11:21:00.625666","0.243","0.5","0.4","0.381"
"dc7d52fd-5f15-4261-bca4-e08372a5acbc","USER_45","Player_45",147,23,2,0,False,"exit",1,"2025-12-19 17:34:23.424225","0.351","0.54","0.4","0.4303"
"3624c1d9-98f8-4be6-9c08-613db93cabcd","USER_42","Player_42",680,10,4,0,False,"exit",1,"2025-12-19 19:21:25.86216","0.3467","0.8","0.8","0.6489"
"db2dad8e-ac9a-4089-b56b-6b5fad2fcd95","USER_30","Player_30",449,4,4,0,False,"exit",1,"2025-12-20 12:58:07.272655","0.5007","0.92","0.8","0.7402"
"6b296583-23ce-4f43-893d-c7cf0ec5695f","USER_16","Player_16",491,12,2,0,False,"exit",1,"2025-12-20 15:25:36.122502","0.2363","0.76","0.4","0.4654"
"52218d7c-8d37-462b-995b-6e228dd43bfe","USER_29","Player_29",556,4,5,1,True,"summit",1,"2025-12-21 06:06:30.719639","0.5367","0.92","1","0.8189"
"4db1e8de-c1db-4cef-804d-da1d842ad760","USER_46","Player_46",110,6,4,0,False,"exit",1,"2025-12-21 16:44:28.495674","0.7267","0.88","0.8","0.8022"
"0a2ea5e0-d28d-44fe-99be-d70d87eae6ad","USER_9","Player_9",184,32,5,1,True,"summit",1,"2025-12-21 17:01:37.863181","0.8467","0.36","1","0.7356"
"308487bd-2279-492f-9034-2b34f0039050","USER_28","Player_28",347,23,4,0,False,"exit",1,"2025-12-22 03:10:27.912942","0.5687","0.54","0.8","0.6362"
"42623a83-3cd7-4470-bedb-5ef2825ed3f0","USER_35","Player_35",151,7,2,0,False,"exit",1,"2025-12-22 04:26:59.317231","0.3497","0.86","0.4","0.5366"
"beb18cac-d681-4170-b6b1-74a160716822","USER_5","Player_5",860,3,3,0,False,"exit",1,"2025-12-22 11:56:52.91503","0.17","0.94","0.6","0.57"
"b919b8f9-6ab4-4f14-9ff6-00d7ccfe9868","USER_20","Player_20",212,2,3,0,False,"exit",1,"2025-12-22 21:16:26.191659","0.494","0.96","0.6","0.6847"
"aee43215-6957-4594-a648-d778e24e1170","USER_26","Player_26",427,2,4,0,False,"exit",1,"2025-12-22 22:08:44.575226","0.5153","0.96","0.8","0.7584"
"123fa290-e229-4fdb-ab37-2f1172fbd0a6","USER_1","Player_1",896,2,1,0,False,"exit",1,"2025-12-23 03:58:31.683169","0.0507","0.96","0.2","0.4036"
"7ebd1fe8-937e-45f7-ad7b-6c7670f9a949","USER_21","Player_21",261,1,3,0,False,"exit",1,"2025-12-23 07:25:09.986804","0.4695","0.98","0.6","0.6832"
"86cc6870-0637-43f8-8cfd-eafc5c0e0fec","USER_18","Player_18",648,12,1,0,False,"exit",1,"2025-12-23 14:20:09.648968","0.092","0.76","0.2","0.3507"
"e5226681-8783-4b81-a13c-f11be820697c","USER_46","Player_46",457,26,4,0,False,"failed",1,"2025-12-24 07:05:32.011398","0.4953","0.48","0.8","0.5918"
"78a15853-4abd-4508-a8f6-5e5dca672c9f","USER_4","Player_4",863,5,3,0,False,"exit",1,"2025-12-24 15:58:07.273819","0.1685","0.9","0.6","0.5562"
"256ffc8a-dbcf-4fce-bdb5-de64f6cad7bf","USER_36","Player_36",70,7,3,0,False,"exit",1,"2025-12-25 06:16:06.383377","0.565","0.86","0.6","0.675"
"27d5fe92-c0da-4bea-917b-6c2e0377b3f9","USER_37","Player_37",186,11,4,0,False,"exit",1,"2025-12-25 10:48:17.936575","0.676","0.78","0.8","0.752"
"755573df-9346-4b84-9aee-aa270d16eed6","USER_35","Player_35",208,14,5,1,True,"summit",1,"2025-12-25 12:32:10.659","0.8267","0.72","1","0.8489"
"30f5649d-0f85-4a1c-9ef0-9e829282a248","USER_22","Player_22",270,22,3,0,False,"exit",1,"2025-12-25 19:28:43.976167","0.465","0.56","0.6","0.5417"
"4103e588-9e94-4550-9a11-5bf1d64a156c","USER_15","Player_15",760,20,3,0,False,"exit",1,"2025-12-26 01:44:54.145304","0.22","0.6","0.6","0.4733"
"2539edc0-d10d-49b0-9d12-dbf32fdb1495","USER_38","Player_38",1036,5,3,0,False,"unknown",1,"2025-12-26 12:50:51.807474","0.082","0.9","0.6","0.5273"
"2795471d-e196-4449-bcaf-367bb98b059c","USER_11","Player_11",721,18,4,0,False,"exit",1,"2025-12-27 01:43:18.932753","0.3193","0.64","0.8","0.5864"
"96e44980-e3be-4b88-8bd7-838cf386856d","USER_48","Player_48",79,6,1,0,False,"exit",1,"2025-12-27 09:09:10.231948","0.1868","0.88","0.2","0.4223"
"271f5668-780b-43dd-bc70-e118c4398ec3","USER_39","Player_39",357,5,2,0,False,"exit",1,"2025-12-27 12:59:32.432781","0.281","0.9","0.4","0.527"
"4d0914e7-8da5-4d82-9cd1-88773a0d7514","USER_35","Player_35",1138,5,2,0,False,"unknown",1,"2025-12-29 01:36:09.32499","0.0207","0.9","0.4","0.4402"
"f08666bc-52d4-4abf-815c-94af1ba30a62","USER_25","Player_25",463,5,2,0,False,"exit",1,"2025-12-29 04:07:17.396107","0.2457","0.9","0.4","0.5152"
"a99ad7d0-dc31-41a4-8968-b352c832e09f","USER_18","Player_18",431,27,4,0,False,"failed",1,"2025-12-29 10:41:32.529785","0.5127","0.46","0.8","0.5909"
"e3989227-6960-4f1e-bc7f-8ababb06801d","USER_18","Player_18",134,9,3,0,False,"exit",1,"2025-12-29 15:50:38.958047","0.533","0.82","0.6","0.651"
"c4dc5d7b-a6c2-4fd4-946a-f273efc17423","USER_41","Player_41",708,17,1,0,False,"exit",1,"2025-12-29 19:31:49.638026","0.082","0.66","0.2","0.314"
"9a3a4b75-5637-4227-8952-ec3824d4d1da","USER_23","Player_23",1119,7,3,0,False,"unknown",1,"2025-12-29 20:12:11.00771","0.0405","0.86","0.6","0.5002"
"f99ab413-4483-4df0-8a6a-f9dcb4a6a933","USER_29","Player_29",372,5,3,0,False,"exit",1,"2025-12-30 03:42:42.033668","0.414","0.9","0.6","0.638"
"3dd26b14-8da1-4297-abfd-7edbec047c3a","USER_40","Player_40",471,42,3,0,False,"failed",1,"2025-12-31 08:12:21.288512","0.3645","0.16","0.6","0.3748"
"5c08914d-5531-45be-aaba-42b62a714bce","USER_43","Player_43",874,8,4,0,False,"exit",1,"2025-12-31 09:17:23.281131","0.2173","0.84","0.8","0.6191"
"7ff71688-cfc7-4af6-a7bb-80860bfbb1dc","USER_47","Player_47",794,47,5,1,True,"summit",1,"2025-12-31 11:00:43.420225","0.3383","0.06","1","0.4661"
"132142c9-fc53-43de-91b4-09ba8b3b3b2e","USER_8","Player_8",484,8,5,1,True,"summit",1,"2026-01-01 01:50:25.067587","0.5967","0.84","1","0.8122"
"c67a15e6-3e90-4a1a-9efa-edca5a708a22","USER_20","Player_20",463,19,2,0,False,"exit",1,"2026-01-01 02:10:26.665306","0.2457","0.62","0.4","0.4219"
"e0185670-0668-4ccb-91ce-a967889aac7e","USER_31","Player_31",101,6,3,0,False,"exit",1,"2026-01-01 07:25:45.318033","0.5495","0.88","0.6","0.6765"
"55b96bdc-6f91-40b3-935c-e9eed2603d78","USER_1","Player_1",731,9,1,0,False,"exit",1,"2026-01-02 00:00:56.832819","0.0782","0.82","0.2","0.3661"
"00e76636-9a60-4745-80bf-d1077c68009b","USER_42","Player_42",699,12,1,0,False,"exit",1,"2026-01-02 07:54:09.241502","0.0835","0.76","0.2","0.3478"
"6a6880f6-0d83-4805-bd18-4da836c41f3d","USER_35","Player_35",848,46,1,0,False,"failed",1,"2026-01-02 16:09:31.045131","0.0587","0.08","0.2","0.1129"
"af6b6383-2247-4c0b-8bb6-af728bc3bdfd","USER_43","Player_43",80,9,2,0,False,"exit",1,"2026-01-02 21:03:52.90696","0.3733","0.82","0.4","0.5311"
"1223830b-9e70-4a3b-bb6f-4e9cdb8a2ef2","USER_29","Player_29",541,12,4,0,False,"exit",1,"2026-01-03 04:32:47.558183","0.4393","0.76","0.8","0.6664"
"a0940abb-aa63-45c2-9708-75bcf3f1d9d2","USER_8","Player_8",488,13,4,0,False,"exit",1,"2026-01-03 12:04:59.605287","0.4747","0.74","0.8","0.6716"
"7f002fa9-010f-4dba-9f57-02bbbafb4759","USER_38","Player_38",393,12,3,0,False,"exit",1,"2026-01-03 20:27:55.130781","0.4035","0.76","0.6","0.5878"
"02b63b72-0d97-4744-ad88-0188f42b184b","USER_44","Player_44",992,13,4,0,False,"unknown",1,"2026-01-04 08:00:03.528031","0.1387","0.74","0.8","0.5596"
"87e9e1c5-7eda-41c5-a3a9-266cd0ef7049","USER_22","Player_22",137,13,2,0,False,"exit",1,"2026-01-04 17:32:23.033343","0.3543","0.74","0.4","0.4981"
"1b24d08b-e131-40f4-ba2e-2b4c05b79d14","USER_17","Player_17",368,22,4,0,False,"exit",1,"2026-01-04 22:07:12.751736","0.5547","0.56","0.8","0.6382"
"ed482e8f-8115-4b6c-8766-71a657b0a5dd","USER_43","Player_43",494,21,4,0,False,"exit",1,"2026-01-05 08:50:13.680752","0.4707","0.58","0.8","0.6169"
"b08cb8aa-adda-4c63-8ba9-eaeeb2fc43e9","USER_27","Player_27",118,25,4,0,False,"failed",1,"2026-01-05 17:48:53.673129","0.7213","0.5","0.8","0.6738"
"b2f5e8b4-e76e-4e9f-858c-b5fdada3054c","USER_4","Player_4",1093,24,5,1,True,"summit",1,"2026-01-07 03:23:36.669732","0.0892","0.52","1","0.5364"
"fb7d0feb-7e1b-43ec-9945-17b01e821dd3","USER_37","Player_37",816,7,5,1,True,"summit",1,"2026-01-07 08:03:31.502459","0.32","0.86","1","0.7267"
"de242eec-d21a-47ee-b7d4-78abed6188b1","USER_28","Player_28",325,9,3,0,False,"exit",1,"2026-01-08 01:52:26.48287","0.4375","0.82","0.6","0.6192"
"affa6a04-d383-45f8-a606-75310d312518","USER_41","Player_41",410,7,5,1,True,"summit",1,"2026-01-08 04:21:02.240602","0.6583","0.86","1","0.8394"
"2ca5d78b-1d49-401c-9dde-78ab055ae231","USER_22","Player_22",212,8,5,1,True,"summit",1,"2026-01-08 19:32:19.189505","0.8233","0.84","1","0.8878"
"1f28d0b3-18cf-4514-b85e-639af2c47588","USER_12","Player_12",314,9,5,1,True,"summit",1,"2026-01-08 21:02:41.159614","0.7383","0.82","1","0.8528"
"f78832dd-0cda-419a-898c-3800f09ce503","USER_16","Player_16",436,3,5,1,True,"summit",1,"2026-01-09 00:28:49.014481","0.6367","0.94","1","0.8589"
"135f4339-1cf2-4fc7-a925-0b4f93bd863b","USER_5","Player_5",293,12,5,1,True,"summit",1,"2026-01-09 04:00:22.495904","0.7558","0.76","1","0.8386"
"3ed97c62-b507-4c91-b357-295b19a55e2f","USER_13","Player_13",923,18,1,0,False,"unknown",1,"2026-01-09 05:31:24.561993","0.0462","0.64","0.2","0.2954"
"ba59550d-45e1-422f-ad90-0c953b3b5236","USER_8","Player_8",496,1,1,0,False,"exit",1,"2026-01-09 09:01:28.669216","0.1173","0.98","0.2","0.4324"
"9fd867fb-a3fa-49d3-a104-6ba843e2f976","USER_5","Player_5",229,13,2,0,False,"exit",1,"2026-01-09 17:26:46.216297","0.3237","0.74","0.4","0.4879"
"3b2cd702-6171-4f20-8f81-828b0d666709","USER_20","Player_20",399,23,3,0,False,"exit",1,"2026-01-09 21:56:43.31708","0.4005","0.54","0.6","0.5135"
"d72f99b1-f67a-4d53-9fb7-6fc15febb80a","USER_50","Player_50",300,25,4,0,False,"failed",1,"2026-01-10 01:22:00.939867","0.6","0.5","0.8","0.6333"
"18897301-c16f-41b4-9779-0fd41e5b0b63","USER_25","Player_25",677,4,3,0,False,"exit",1,"2026-01-10 12:15:51.259777","0.2615","0.92","0.6","0.5938"
"4c7fcec2-4e8e-4465-b5dc-cc940d1e5e82","USER_20","Player_20",530,12,5,1,True,"summit",1,"2026-01-10 22:29:43.004972","0.5583","0.76","1","0.7728"
"846cb4f6-751d-4b71-8092-1c57fbbb4245","USER_43","Player_43",484,17,1,0,False,"exit",1,"2026-01-11 06:36:53.343199","0.1193","0.66","0.2","0.3264"
"78b1b06b-2a86-46e8-9afb-58d705fff02f","USER_41","Player_41",113,3,2,0,False,"exit",1,"2026-01-11 08:43:37.452887","0.3623","0.94","0.4","0.5674"
"e4d675ea-bbdc-49e2-9566-731950ef0330","USER_23","Player_23",70,25,4,0,False,"failed",1,"2026-01-11 13:35:36.935272","0.7533","0.5","0.8","0.6844"
"a4c5a4f1-3435-485e-8cab-3df15ec2c47e","USER_27","Player_27",786,23,3,0,False,"exit",1,"2026-01-11 14:35:02.89865","0.207","0.54","0.6","0.449"
"4f43ce69-fa59-405f-8904-f41ddb1f1ae0","USER_9","Player_9",591,7,4,0,False,"exit",1,"2026-01-11 15:56:46.503793","0.406","0.86","0.8","0.6887"
"e4e17f12-f086-40a7-b687-1a97c96ce04c","3257447993","Clamsxeny",88,12,1,0,False,"exit",1,"2026-01-11 17:08:12.356664","0.1853","0.76","0.2","0.3818"
"6dfb4a44-2461-46d7-9c18-cfce32141a4b","USER_25","Player_25",573,15,3,0,False,"exit",1,"2026-01-11 17:42:11.523925","0.3135","0.7","0.6","0.5378"
"2f081fee-fb20-4525-9f2c-478481383886","USER_45","Player_45",191,20,3,0,False,"exit",1,"2026-01-12 00:29:05.248514","0.5045","0.6","0.6","0.5682"
"e5fca469-0416-4cd2-b1ec-0f9a24481ee6","USER_11","Player_11",279,3,3,0,False,"exit",1,"2026-01-12 11:59:18.165072","0.4605","0.94","0.6","0.6668"
"89dcef5a-5c6e-4bef-916d-bd4e2147e191","USER_5","Player_5",129,12,3,0,False,"exit",1,"2026-01-12 22:14:17.578007","0.5355","0.76","0.6","0.6318"
"41e1493f-8074-4579-b844-15e068b199e5","USER_8","Player_8",432,0,2,0,False,"exit",1,"2026-01-13 03:52:04.70935","0.256","1","0.4","0.552"
"456f02b6-90fe-4092-b3e0-505b78bb2be1","USER_14","Player_14",415,5,4,0,False,"exit",1,"2026-01-13 08:11:10.552995","0.5233","0.9","0.8","0.7411"
"ec9248c2-62b0-42cd-a574-9ef0b3b4678a","USER_35","Player_35",234,17,4,0,False,"exit",1,"2026-01-13 11:14:06.94107","0.644","0.66","0.8","0.7013"
"1077b652-058b-49c6-b041-ad7864c278e5","USER_50","Player_50",503,18,5,1,True,"summit",1,"2026-01-13 13:33:03.851895","0.5808","0.64","1","0.7403"
"3530eed7-af7b-4dd3-a513-2d91f797f755","USER_28","Player_28",605,1,3,0,False,"exit",1,"2026-01-13 15:27:52.508059","0.2975","0.98","0.6","0.6258"
"c1958883-b1b5-4171-a68a-e1478ffc7a41","USER_45","Player_45",359,7,5,1,True,"summit",1,"2026-01-14 14:58:16.145869","0.7008","0.86","1","0.8536"
"f483b8d4-7db2-4a82-8208-130de9ae67ab","USER_17","Player_17",344,11,1,0,False,"exit",1,"2026-01-14 17:04:02.402259","0.1427","0.78","0.2","0.3742"
"bdfbe98b-2f0a-495b-8359-c4e02bd868d1","USER_14","Player_14",287,11,1,0,False,"exit",1,"2026-01-14 20:14:44.886238","0.1522","0.78","0.2","0.3774"
"3be37337-caa2-415c-8626-6b52a7ffd058","USER_50","Player_50",289,11,4,0,False,"exit",1,"2026-01-15 00:20:49.151488","0.6073","0.78","0.8","0.7291"
"5a7b211d-ffae-40a7-8b03-a2da03074beb","USER_47","Player_47",168,4,3,0,False,"exit",1,"2026-01-15 02:29:13.352077","0.516","0.92","0.6","0.6787"
"3f400130-cc1e-4ed4-aa42-026a157b6ddf","USER_12","Player_12",461,15,2,0,False,"exit",1,"2026-01-15 06:09:22.493309","0.2463","0.7","0.4","0.4488"
"0dc2d537-333b-4ea0-ad5b-0470236d1851","USER_17","Player_17",1126,9,4,0,False,"unknown",1,"2026-01-15 16:11:21.083808","0.0493","0.82","0.8","0.5564"
"c407086e-c8c5-434d-a3c2-06dbf83d5f40","USER_33","Player_33",72,7,3,0,False,"exit",1,"2026-01-15 16:24:09.990946","0.564","0.86","0.6","0.6747"
"15bcd5bb-46c4-4849-af2f-d4cd474dcaa7","USER_43","Player_43",199,22,5,1,True,"summit",1,"2026-01-15 20:45:21.792458","0.8342","0.56","1","0.7981"
"406361a8-9aad-4de2-870f-d7e325faab6e","USER_24","Player_24",495,17,5,1,True,"summit",1,"2026-01-15 22:39:24.284215","0.5875","0.66","1","0.7492"
"56967693-f6c7-44d0-b4f4-cee25dd46a5b","USER_1","Player_1",443,12,3,0,False,"exit",1,"2026-01-16 13:21:44.334651","0.3785","0.76","0.6","0.5795"
"98f64d33-ade8-4542-88d7-fa1400866f48","USER_5","Player_5",296,38,4,0,False,"failed",1,"2026-01-16 14:59:44.707775","0.6027","0.24","0.8","0.5476"
"85398522-04a5-4fbd-b547-c24453af4c46","USER_14","Player_14",490,18,2,0,False,"exit",1,"2026-01-16 15:19:21.215867","0.2367","0.64","0.4","0.4256"
"267ae213-f492-4ba0-a55e-72e86d08b63f","USER_41","Player_41",172,14,3,0,False,"exit",1,"2026-01-17 00:17:40.650371","0.514","0.72","0.6","0.6113"
"078c5da6-e2cf-45d3-a5db-8418468ace8d","USER_2","Player_2",835,13,5,1,True,"summit",1,"2026-01-17 05:26:40.983202","0.3042","0.74","1","0.6814"
"4ff4f5e7-c1b3-4d12-8dfc-72eca4bc92a6","USER_26","Player_26",493,6,1,0,False,"exit",1,"2026-01-18 03:32:41.18457","0.1178","0.88","0.2","0.3993"
"9db0700e-5299-4969-b8bf-5c0aa3c39d8b","USER_34","Player_34",854,10,3,0,False,"exit",1,"2026-01-18 15:24:28.352382","0.173","0.8","0.6","0.5243"
"dbf160aa-6d86-4d8c-ba2f-f969098ba033","USER_48","Player_48",336,24,4,0,False,"exit",1,"2026-01-18 21:09:55.46693","0.576","0.52","0.8","0.632"
"0ec300a7-35e3-458c-9d2b-77eb0be62aa9","USER_16","Player_16",355,17,1,0,False,"exit",1,"2026-01-19 18:22:37.177952","0.1408","0.66","0.2","0.3336"
"9332b21a-dc17-4a6f-9f22-0f8fe6b03e6c","USER_3","Player_3",500,5,2,0,False,"exit",1,"2026-01-19 18:49:43.423754","0.2333","0.9","0.4","0.5111"
"c6d60747-3771-439b-8ce9-7660efa13a67","USER_9","Player_9",355,22,5,1,True,"summit",1,"2026-01-19 20:26:12.187999","0.7042","0.56","1","0.7547"
"42ac948f-0f27-44ac-a164-18e0909ff21c","USER_1","Player_1",77,8,3,0,False,"exit",1,"2026-01-19 20:28:57.887147","0.5615","0.84","0.6","0.6672"
"a853a3ba-2c11-4eb3-92d3-8627e85ea869","USER_13","Player_13",243,12,4,0,False,"exit",1,"2026-01-19 22:22:24.966465","0.638","0.76","0.8","0.7327"
"9554c697-39ab-43b4-afc2-e632e379597f","USER_47","Player_47",728,7,5,1,True,"summit",1,"2026-01-20 11:12:09.675826","0.3933","0.86","1","0.7511"
"b1870e0d-e5a5-49f0-8dd0-c9afa3c809af","USER_12","Player_12",71,47,1,0,False,"failed",1,"2026-01-20 11:31:39.10728","0.1882","0.06","0.2","0.1494"
"d4a39b52-9732-4d4b-b0c3-8673cfc1e308","USER_24","Player_24",248,39,2,0,False,"failed",1,"2026-01-20 13:15:14.068097","0.3173","0.22","0.4","0.3124"
"ec7e1808-87e1-4586-a09e-aa7ecb45bd00","USER_8","Player_8",202,15,3,0,False,"exit",1,"2026-01-20 15:48:20.610798","0.499","0.7","0.6","0.5997"
"fb4d9bd5-ceed-4b07-8969-400b98e1458e","USER_50","Player_50",260,42,4,0,False,"failed",1,"2026-01-20 23:05:21.514821","0.6267","0.16","0.8","0.5289"
"92a90d52-f839-4a2a-8eb6-3cb48c1bb66c","USER_18","Player_18",236,13,1,0,False,"exit",1,"2026-01-21 08:02:00.607036","0.1607","0.74","0.2","0.3669"
"e2b21627-99ba-490a-9f36-3e70aa3c7696","USER_23","Player_23",186,23,4,0,False,"exit",1,"2026-01-21 20:09:31.863524","0.676","0.54","0.8","0.672"
"1c3d85e0-748b-4d28-8bb8-418f31928576","USER_2","Player_2",332,9,4,0,False,"exit",1,"2026-01-22 04:16:12.833615","0.5787","0.82","0.8","0.7329"
"e133fb5d-cf15-4cc0-92f2-1afec8170750","USER_22","Player_22",479,13,2,0,False,"exit",1,"2026-01-22 10:13:07.364004","0.2403","0.74","0.4","0.4601"
"f4e5fee3-6550-4b31-95e5-ab2f097df0c4","USER_42","Player_42",555,46,5,1,True,"summit",1,"2026-01-22 14:00:14.26515","0.5375","0.08","1","0.5392"
"04d01fae-614e-47c6-ac09-a5ee01474f2c","USER_14","Player_14",416,9,3,0,False,"exit",1,"2026-01-23 05:46:21.034145","0.392","0.82","0.6","0.604"
"3b86d3de-1fa8-45c6-8d8d-249c4fd78a50","3257447993","Clamsxeny",891,25,3,0,False,"failed",1,"2026-01-23 06:13:35.500783","0.1545","0.5","0.6","0.4182"
"6961774d-80fb-4474-8d3d-477ba107b515","USER_28","Player_28",1059,14,3,0,False,"unknown",1,"2026-01-24 00:30:28.891619","0.0705","0.72","0.6","0.4635"
"b07f6bca-6ab2-43ba-b127-e2e97acac38c","USER_8","Player_8",327,5,1,0,False,"exit",1,"2026-01-24 06:03:06.698711","0.1455","0.9","0.2","0.4152"
"a7113105-b507-4569-8184-0588db1b931e","USER_19","Player_19",872,20,3,0,False,"exit",1,"2026-01-25 19:42:09.401396","0.164","0.6","0.6","0.4547"
"4e7cb56b-a991-4977-8d1f-ffe7a26c4481","USER_48","Player_48",636,12,2,0,False,"exit",1,"2026-01-26 11:48:05.855026","0.188","0.76","0.4","0.4493"
"4ce8c635-4fcd-4696-adc1-e83bd8e79ab2","USER_18","Player_18",634,22,4,0,False,"exit",1,"2026-01-26 12:37:10.471786","0.3773","0.56","0.8","0.5791"
"3159c4da-62cc-4865-bf55-4c02c519aa2e","USER_35","Player_35",359,4,3,0,False,"exit",1,"2026-01-26 17:22:27.448463","0.4205","0.92","0.6","0.6468"
"3bec5afe-0230-4408-b3ac-9d66b82fa9e9","USER_34","Player_34",222,9,2,0,False,"exit",1,"2026-01-26 21:27:05.449553","0.326","0.82","0.4","0.5153"
"52c80f46-6a45-4243-8941-6bfe6afdc333","USER_35","Player_35",328,35,3,0,False,"failed",1,"2026-01-27 05:27:23.903611","0.436","0.3","0.6","0.4453"
"013b9227-d02c-4576-a420-6a928eb87e3d","USER_19","Player_19",320,14,4,0,False,"exit",1,"2026-01-27 10:26:25.595991","0.5867","0.72","0.8","0.7022"
"c70e61fb-5ef2-421f-925d-294176afce8e","USER_34","Player_34",309,3,4,0,False,"exit",1,"2026-01-27 18:16:04.818539","0.594","0.94","0.8","0.778"
"1db969c6-7ceb-41a2-9386-7b5a29b6f66b","USER_20","Player_20",262,8,5,1,True,"summit",1,"2026-01-28 20:37:27.455328","0.7817","0.84","1","0.8739"
"1e7e1744-e21a-4a0b-9ac3-65c5e9a829b9","USER_19","Player_19",740,42,5,1,True,"summit",1,"2026-01-29 08:20:46.830536","0.3833","0.16","1","0.5144"
"117a6149-84e1-4244-a92b-17531662cf06","USER_24","Player_24",304,12,5,1,True,"summit",1,"2026-01-29 11:12:32.926521","0.7467","0.76","1","0.8356"
"ed0a9910-6d6d-40e6-9778-e708195c286e","USER_48","Player_48",250,33,4,0,False,"failed",1,"2026-01-29 16:29:08.987217","0.6333","0.34","0.8","0.5911"
"d2533c27-80c8-409c-ae54-829c84617cd1","3257447993","Clamsxeny",648,11,2,0,False,"exit",1,"2026-01-29 18:41:44.141675","0.184","0.78","0.4","0.4547"
"edc2c089-4fc1-4f7a-9bd3-edd594e6c8b9","USER_7","Player_7",473,8,4,0,False,"exit",1,"2026-01-30 10:32:54.018129","0.4847","0.84","0.8","0.7082"
"d5df4029-5be8-4c61-a5ca-21e71aa2a54c","USER_18","Player_18",250,2,5,1,True,"summit",1,"2026-01-30 12:50:33.903495","0.7917","0.96","1","0.9172"
"6bfba4ee-f6e1-479d-9a3c-2f45afa1b207","3257447993","Clamsxeny",918,18,1,0,False,"unknown",1,"2026-01-30 15:38:47.316619","0.047","0.64","0.2","0.2957"
"a6334ee2-90e8-46b7-9671-8fa1d3829fe9","USER_17","Player_17",759,41,4,0,False,"failed",1,"2026-01-30 19:42:10.537476","0.294","0.18","0.8","0.4247"
"41344be3-ea7d-410a-9183-c4785a259a9d","USER_36","Player_36",473,4,5,1,True,"summit",1,"2026-01-31 01:39:52.446869","0.6058","0.92","1","0.8419"
"6d2c70c3-b888-4507-bf82-85647c61800f","USER_21","Player_21",667,3,5,1,True,"summit",1,"2026-01-31 05:23:04.673071","0.4442","0.94","1","0.7947"
"e6a183d1-f3d1-42ba-8d9e-83d2c3301ab1","USER_27","Player_27",241,25,5,1,True,"summit",1,"2026-01-31 12:51:08.47837","0.7992","0.5","1","0.7664"
"c1c1030e-0829-4ff0-b341-ee9149622b96","USER_36","Player_36",462,45,3,0,False,"failed",1,"2026-01-31 17:39:09.259473","0.369","0.1","0.6","0.3563"
"6642cdbc-cd36-47bf-9ba4-f4d38e8406a5","USER_38","Player_38",228,2,5,1,True,"summit",1,"2026-01-31 21:00:57.324883","0.81","0.96","1","0.9233"
"86c1c334-6fe6-452c-b15d-94c59d934ea1","USER_28","Player_28",558,3,1,0,False,"exit",1,"2026-02-01 03:26:28.912331","0.107","0.94","0.2","0.4157"
"7c3884e2-83df-4855-99e8-f502fdb2dab9","USER_47","Player_47",537,13,5,1,True,"summit",1,"2026-02-01 10:59:02.463964","0.5525","0.74","1","0.7642"
"ff7bd1ed-ca40-4b78-8a2e-2ce14dcb338a","USER_25","Player_25",552,15,5,1,True,"summit",1,"2026-02-01 12:45:50.702661","0.54","0.7","1","0.7467"
"f47b7137-218b-462e-97b1-297e08e3213d","USER_45","Player_45",143,19,1,0,False,"exit",1,"2026-02-01 20:56:18.723402","0.1762","0.62","0.2","0.3321"
"22ddd67c-6fd3-4f85-813d-4f6c60a4f061","USER_49","Player_49",222,12,2,0,False,"exit",1,"2026-02-02 03:18:20.938824","0.326","0.76","0.4","0.4953"
"fdebdf8c-a56c-4a92-b628-2997b98e1235","USER_6","Player_6",561,12,4,0,False,"exit",1,"2026-02-02 10:33:48.739189","0.426","0.76","0.8","0.662"
"18288b9d-93a8-4d62-9439-9827afe64d37","USER_21","Player_21",866,17,1,0,False,"exit",1,"2026-02-02 18:23:30.798199","0.0557","0.66","0.2","0.3052"
"30563ef9-e2ee-4086-a874-2e3022f8802d","USER_1","Player_1",788,24,4,0,False,"exit",1,"2026-02-03 13:34:05.572648","0.2747","0.52","0.8","0.5316"
"e85d43d6-2d9e-40fa-a039-caa04670fc64","USER_7","Player_7",987,8,5,1,True,"summit",1,"2026-02-04 08:57:22.510982","0.1775","0.84","1","0.6725"
"134e21f5-9969-4976-973c-2b32ddfea349","USER_29","Player_29",379,6,3,0,False,"exit",1,"2026-02-04 10:53:37.833833","0.4105","0.88","0.6","0.6302"
"489cf1e3-8271-4357-9068-65a64fe75168","USER_39","Player_39",237,22,5,1,True,"summit",1,"2026-02-04 13:54:20.865287","0.8025","0.56","1","0.7875"
"da43a3a9-b9b7-4cc7-a6ba-c0d56a6ad135","USER_32","Player_32",311,4,4,0,False,"exit",1,"2026-02-05 03:17:35.424239","0.5927","0.92","0.8","0.7709"
"6064cec5-3232-469a-8ab7-b3ba11a4ebd0","USER_44","Player_44",436,25,1,0,False,"failed",1,"2026-02-06 01:27:10.946794","0.1273","0.5","0.2","0.2758"
"1695b297-aa74-4c85-aff0-1dc6ca194c96","USER_16","Player_16",275,4,3,0,False,"exit",1,"2026-02-06 05:48:50.208","0.4625","0.92","0.6","0.6608"
"ef7f3a2f-bca6-4fa3-8136-be1b89f47ffa","USER_6","Player_6",431,2,3,0,False,"exit",1,"2026-02-07 07:31:20.651596","0.3845","0.96","0.6","0.6482"
"69a40e00-85da-4007-9187-e7cd26a85795","USER_13","Player_13",925,11,3,0,False,"unknown",1,"2026-02-07 10:42:41.174078","0.1375","0.78","0.6","0.5058"
"0faa978e-6e03-492d-b06f-ba036f71b3df","USER_38","Player_38",733,21,1,0,False,"exit",1,"2026-02-07 11:42:30.603811","0.0778","0.58","0.2","0.2859"
"98a84ad0-bee3-4049-a648-3fe514dea4ea","USER_5","Player_5",283,17,4,0,False,"exit",1,"2026-02-07 15:47:41.129074","0.6113","0.66","0.8","0.6904"
"6e776588-bfdf-4a21-8034-d4fbae6dc70a","USER_26","Player_26",589,13,1,0,False,"exit",1,"2026-02-07 21:51:49.26949","0.1018","0.74","0.2","0.3473"
"b171d836-4a2d-481a-89df-0fc9c2bb2eb4","USER_18","Player_18",174,2,2,0,False,"exit",1,"2026-02-08 00:08:44.175415","0.342","0.96","0.4","0.5673"
"376decd9-cb5d-45d2-9592-08b9a84293fe","USER_10","Player_10",166,20,4,0,False,"exit",1,"2026-02-08 01:42:48.882034","0.6893","0.6","0.8","0.6964"
"cc786759-9470-4793-86aa-07604eff512e","USER_48","Player_48",509,12,5,1,True,"summit",1,"2026-02-08 03:10:59.300997","0.5758","0.76","1","0.7786"
"5af38496-d017-4b14-9cba-9a740f7a5493","USER_48","Player_48",610,37,4,0,False,"failed",1,"2026-02-08 07:37:55.840195","0.3933","0.26","0.8","0.4844"
"76e3a787-2765-4f60-bbba-24b49d577a92","USER_38","Player_38",503,46,2,0,False,"failed",1,"2026-02-08 19:38:15.887529","0.2323","0.08","0.4","0.2374"
"d353363e-7ef0-4905-b774-6ead96fccce5","USER_45","Player_45",1182,24,5,1,True,"summit",1,"2026-02-08 19:54:07.499511","0.015","0.52","1","0.5117"
"076da67b-9911-47d0-afc9-e2d11e0c0c34","USER_22","Player_22",703,20,4,0,False,"exit",1,"2026-02-08 21:37:59.239846","0.3313","0.6","0.8","0.5771"
"ab3dba16-b848-4be8-b590-e20045941d5e","USER_50","Player_50",149,15,3,0,False,"exit",1,"2026-02-09 13:20:54.700489","0.5255","0.7","0.6","0.6085"
"eeec47b7-b43d-406a-912f-44a2bd07208d","USER_42","Player_42",1165,4,2,0,False,"unknown",1,"2026-02-10 00:15:31.806193","0.0117","0.92","0.4","0.4439"
"307a948e-afb7-4bc0-bef3-cdf9b15157ac","USER_43","Player_43",477,21,4,0,False,"exit",1,"2026-02-10 14:57:47.521246","0.482","0.58","0.8","0.6207"
"25e59f29-a0b9-4fc6-9a20-7dd52d9b21ed","USER_30","Player_30",451,13,1,0,False,"exit",1,"2026-02-10 23:02:48.512103","0.1248","0.74","0.2","0.3549"
"0e02e9fe-76da-4c8c-a15f-1383865b5586","USER_16","Player_16",457,22,3,0,False,"exit",1,"2026-02-11 00:18:33.766377","0.3715","0.56","0.6","0.5105"
"5f408aac-6a04-420f-8467-043c85223c86","USER_12","Player_12",353,10,5,1,True,"summit",1,"2026-02-11 06:03:04.130626","0.7058","0.8","1","0.8353"
"4e7d906f-f10d-4f9d-adf0-8d8e491560d6","USER_21","Player_21",247,0,3,0,False,"exit",1,"2026-02-11 23:53:22.422131","0.4765","1","0.6","0.6922"
"8dc19e9d-7626-4e73-9e78-a5df18473b4c","USER_9","Player_9",565,16,4,0,False,"exit",1,"2026-02-13 11:52:15.168146","0.4233","0.68","0.8","0.6344"
"6c3c6263-b3f4-4c0d-8d90-56550a83b22d","USER_20","Player_20",846,2,1,0,False,"exit",1,"2026-02-13 22:52:50.92597","0.059","0.96","0.2","0.4063"
"6959fda2-1a1f-40fc-b8d6-41d12248271a","USER_7","Player_7",321,11,2,0,False,"exit",1,"2026-02-14 01:39:50.698737","0.293","0.78","0.4","0.491"
"607b0ec0-5d8f-44b8-9643-42d5f73e9bb7","USER_29","Player_29",787,27,3,0,False,"failed",1,"2026-02-14 15:14:15.706392","0.2065","0.46","0.6","0.4222"
"614172d6-4c92-42a1-8a59-dde75efe931f","USER_27","Player_27",567,43,2,0,False,"failed",1,"2026-02-14 18:28:29.187304","0.211","0.14","0.4","0.2503"
"a72de73a-d296-45b0-8f1c-b7c4ec77178c","USER_10","Player_10",540,2,5,1,True,"summit",1,"2026-02-15 13:47:47.774961","0.55","0.96","1","0.8367"
"76728520-a6e3-4c7b-bf40-81f2ea7c2b89","USER_40","Player_40",674,21,1,0,False,"exit",1,"2026-02-16 02:18:56.004471","0.0877","0.58","0.2","0.2892"
"ff68916d-ec0c-421a-971b-c0495ef54c3e","USER_10","Player_10",656,5,1,0,False,"exit",1,"2026-02-16 04:56:16.657497","0.0907","0.9","0.2","0.3969"
"f118f04e-0443-4452-b5a3-70164456aa73","USER_12","Player_12",179,16,1,0,False,"exit",1,"2026-02-16 05:22:31.710235","0.1702","0.68","0.2","0.3501"
"7a3c9f8e-0d99-4eaa-9836-e4c7e608a400","USER_10","Player_10",198,21,3,0,False,"exit",1,"2026-02-16 10:00:55.475366","0.501","0.58","0.6","0.5603"
"01f69469-5212-47e8-9cd6-7743cc6ce036","USER_43","Player_43",504,20,1,0,False,"exit",1,"2026-02-16 17:05:12.543439","0.116","0.6","0.2","0.3053"
"b207a8d9-6b8a-4fc3-9eac-ba371caf87a7","USER_47","Player_47",156,1,1,0,False,"exit",1,"2026-02-17 17:53:32.772235","0.174","0.98","0.2","0.4513"
"42ffa3d4-eb44-4c7e-947f-189b750437bf","USER_42","Player_42",996,22,2,0,False,"unknown",1,"2026-02-18 03:58:50.49907","0.068","0.56","0.4","0.3427"
"cc23002f-4103-4aa7-a29b-93654e4fe287","USER_32","Player_32",286,21,1,0,False,"exit",1,"2026-02-18 04:28:11.308948","0.1523","0.58","0.2","0.3108"
"857ad005-82f6-48d9-9d40-590ab20af7a0","USER_45","Player_45",420,10,3,0,False,"exit",1,"2026-02-19 11:35:17.919151","0.39","0.8","0.6","0.5967"
"27adc45a-e0c4-4be8-bd03-ccfe8f680a26","USER_18","Player_18",1104,8,4,0,False,"unknown",1,"2026-02-20 06:02:00.005684","0.064","0.84","0.8","0.568"
"b4ea543d-e143-4fec-afdc-0a3a68dd6b40","USER_39","Player_39",1123,26,3,0,False,"failed",1,"2026-02-20 18:49:27.439734","0.0385","0.48","0.6","0.3728"
"5019ee60-ff96-466f-abe7-470d062bc715","USER_43","Player_43",895,10,2,0,False,"exit",1,"2026-02-21 12:47:30.247268","0.1017","0.8","0.4","0.4339"
"23a54ff2-e7e7-49ac-aad2-3506c3cf8ecd","USER_47","Player_47",287,34,4,0,False,"failed",1,"2026-02-21 16:35:42.395936","0.6087","0.32","0.8","0.5762"
"8744fbc5-5ea4-4fe7-9128-80c86c85e543","USER_22","Player_22",364,22,2,0,False,"exit",1,"2026-02-21 18:15:06.386693","0.2787","0.56","0.4","0.4129"
"fb8526f0-d20e-4458-902a-b79e97791269","USER_6","Player_6",259,9,3,0,False,"exit",1,"2026-02-21 21:09:56.241301","0.4705","0.82","0.6","0.6302"
"b38cbc95-6e2b-40e8-9649-3d4d82b6b98c","USER_21","Player_21",572,4,4,0,False,"exit",1,"2026-02-22 12:39:00.115515","0.4187","0.92","0.8","0.7129"
"b7385959-c1df-4128-9553-75016c0a8838","USER_31","Player_31",985,22,2,0,False,"unknown",1,"2026-02-22 17:27:58.297323","0.0717","0.56","0.4","0.3439"
"335c8878-ecc9-4c2a-9eb5-e93ca237998b","USER_45","Player_45",175,27,2,0,False,"failed",1,"2026-02-23 09:01:08.568949","0.3417","0.46","0.4","0.4006"
"7691e604-d93f-4f2a-987e-0a32dae9a74b","USER_42","Player_42",644,7,4,0,False,"exit",1,"2026-02-23 18:48:37.333902","0.3707","0.86","0.8","0.6769"
"54b081de-1f9f-4652-84eb-e403f23bfde0","USER_30","Player_30",598,22,5,1,True,"summit",1,"2026-02-24 00:31:05.581504","0.5017","0.56","1","0.6872"
"c8fccd1a-39b3-42ed-ae4c-336ffcef96f9","USER_37","Player_37",1032,21,5,1,True,"summit",1,"2026-02-24 00:41:33.186998","0.14","0.58","1","0.5733"
"2e25e5b8-33d6-4657-bb15-d9cb75850f4e","USER_17","Player_17",543,28,4,0,False,"failed",1,"2026-02-24 02:47:24.89622","0.438","0.44","0.8","0.5593"
"fef4cc64-b040-4776-810c-78396cab839f","USER_2","Player_2",445,25,1,0,False,"failed",1,"2026-02-24 07:27:50.008406","0.1258","0.5","0.2","0.2753"
"c14a918b-e9d9-4b35-8f2f-626edfdea0da","USER_13","Player_13",340,23,4,0,False,"exit",1,"2026-02-24 08:45:41.93065","0.5733","0.54","0.8","0.6378"
"020db712-a5f8-4649-b4c8-76a1009e012c","USER_18","Player_18",633,6,3,0,False,"exit",1,"2026-02-24 20:38:22.789371","0.2835","0.88","0.6","0.5878"
"7d1b5bc5-2be6-4bec-a24d-fd0161263977","USER_9","Player_9",313,5,1,0,False,"exit",1,"2026-02-25 08:59:16.799949","0.1478","0.9","0.2","0.4159"
"31c0a1a8-3bab-4720-9467-8a6adf9d3608","USER_21","Player_21",86,6,2,0,False,"exit",1,"2026-02-26 01:38:48.815674","0.3713","0.88","0.4","0.5504"
"a417d4d8-0320-4ffa-8d3a-c19747be81b2","USER_44","Player_44",637,22,3,0,False,"exit",1,"2026-02-26 07:21:18.821858","0.2815","0.56","0.6","0.4805"
"d05246ee-af64-4e64-ac5c-8390f15d6810","USER_6","Player_6",616,10,1,0,False,"exit",1,"2026-02-26 19:53:10.388011","0.0973","0.8","0.2","0.3658"
"4da23085-ef9c-4b6d-83ac-c7cbca19e794","USER_14","Player_14",309,19,4,0,False,"exit",1,"2026-02-26 20:50:05.288199","0.594","0.62","0.8","0.6713"
"c39d4c29-2e70-4754-ae90-033bcbc8dd06","USER_26","Player_26",99,31,1,0,False,"failed",1,"2026-02-27 11:41:35.284153","0.1835","0.38","0.2","0.2545"
"a1dc5438-5ffc-4459-a84a-8ff68fe746b7","USER_35","Player_35",527,8,2,0,False,"exit",1,"2026-02-27 13:00:19.690333","0.2243","0.84","0.4","0.4881"
"50eefaf1-7f7f-4137-b0ac-be1b51f0019a","USER_27","Player_27",974,20,3,0,False,"unknown",1,"2026-02-27 22:41:58.391598","0.113","0.6","0.6","0.4377"
"970c7da5-a5c0-4e8d-94e3-127d80c11c31","USER_38","Player_38",501,1,3,0,False,"exit",1,"2026-02-28 05:58:54.941213","0.3495","0.98","0.6","0.6432"
"e00f3aa9-f8b9-421f-900e-af583165f62c","USER_35","Player_35",404,5,1,0,False,"exit",1,"2026-02-28 13:26:27.271638","0.1327","0.9","0.2","0.4109"
"40ee3f32-ab42-4efb-bbd0-25c7db48e0b8","USER_35","Player_35",284,8,4,0,False,"exit",1,"2026-03-01 02:33:37.739233","0.6107","0.84","0.8","0.7502"
"536ef074-d181-4933-a0c2-a71b5e26869d","USER_36","Player_36",589,23,5,1,True,"summit",1,"2026-03-01 09:51:47.148879","0.5092","0.54","1","0.6831"
"0d239753-102b-420c-ad70-00679793b4a2","USER_7","Player_7",159,7,3,0,False,"exit",1,"2026-03-01 12:43:32.311831","1","0.125","0.6","0.5375"
"b2b56a0d-3371-484b-9264-a4b15499d4cd","USER_45","Player_45",110,5,3,0,False,"failed",1,"2026-03-01 15:18:56.047858","1","0.16666666666666666","0.6","0.55"
"5c877d8e-5c56-49bd-8464-25ba0d41e283","USER_4","Player_4",234,22,2,0,False,"exit",1,"2026-03-01 17:12:17.293151","1","0.043478260869565216","0.4","0.41304347826086957"
"19603833-d2d2-4523-9f02-b05d10d3d45f","USER_39","Player_39",299,4,4,0,False,"exit",1,"2026-03-01 19:18:56.178813","1","0.2","0.8","0.66"
"7c809079-0950-4078-bc0e-da99de959fb9","USER_25","Player_25",803,21,4,0,False,"exit",1,"2026-03-01 20:26:28.127046","0.2647","0.58","0.8","0.5482"
"3aebd36f-7e30-4f3d-b407-b0fca5a6fc20","USER_38","Player_38",202,10,3,0,False,"exit",1,"2026-03-01 20:47:09.913387","0.499","0.8","0.6","0.633"
"6870ee38-f503-4241-ba1f-0344b1369a73","USER_22","Player_22",561,13,2,0,False,"exit",1,"2026-03-01 21:15:52.910277","0.213","0.74","0.4","0.451"
"a7d2e015-f84c-48ca-a92b-3690846f82ba","USER_3","Player_3",712,22,3,0,False,"exit",1,"2026-03-01 21:52:46.454869","0.244","0.56","0.6","0.468"
"56ab014c-5787-4d09-b585-e7c765b982d0","USER_6","Player_6",422,30,4,0,False,"failed",1,"2026-03-01 22:24:45.314478","0.7109004739336493","0.03225806451612903","0.8","0.5518575141415686"
"839a73f7-10be-4de6-bc7a-cc7c17f97860","USER_43","Player_43",202,17,4,0,False,"exit",1,"2026-03-01 22:59:19.254501","1","0.05555555555555555","0.8","0.6166666666666667"
"b7991e0e-6139-4f14-aea1-dc1960cc430c","USER_47","Player_47",248,33,4,0,False,"failed",1,"2026-03-02 00:55:00.856395","1","0.029411764705882353","0.8","0.6088235294117647"
"8c37a3f3-aef2-429a-85f4-d79aca24a4c6","USER_31","Player_31",369,35,4,0,False,"exit",1,"2026-03-02 03:50:10.385676","0.8130081300813008","0.027777777777777776","0.8","0.5709349593495935"
"913eef14-dada-4744-b374-8aa6d77faa8c","USER_7","Player_7",374,13,1,0,False,"exit",1,"2026-03-02 04:14:44.154208","0.8021390374331551","0.07142857142857142","0.2","0.28185637891520243"
"0dd6fd3a-5c51-4e65-92dc-822e556c0978","USER_36","Player_36",169,20,5,1,True,"summit",1,"2026-03-02 04:35:49.833939","1","0.047619047619047616","1","0.7142857142857143"
"aafc7de3-49ff-4e97-9167-24b5975e58ff","USER_26","Player_26",228,19,1,0,False,"exit",1,"2026-03-02 08:45:19.173903","0.162","0.62","0.2","0.3273"
"d989d67c-181b-4c9d-a0d2-ad3418196925","USER_13","Player_13",251,9,3,0,False,"exit",1,"2026-03-02 08:48:48.727362","1","0.1","0.6","0.53"
"004ec161-aee0-4815-9deb-517c26a810ba","USER_1","Player_1",361,21,4,0,False,"failed",1,"2026-03-02 09:11:17.66488","0.8310249307479224","0.045454545454545456","0.8","0.5798413497859481"
"1233cf3d-24e5-4f14-b2b8-951867f5de69","USER_24","Player_24",422,49,5,1,True,"summit",1,"2026-03-02 09:51:40.022158","0.7109004739336493","0.02","1","0.6481800947867299"
"438f0a83-91e3-4687-a56f-6f42514dc726","USER_11","Player_11",405,11,3,0,False,"exit",1,"2026-03-02 11:30:52.156843","0.3975","0.78","0.6","0.5925"
"3a9d66a3-ba24-414f-8cbb-7ae3b0e70402","USER_27","Player_27",224,19,3,0,False,"exit",1,"2026-03-02 12:02:17.96198","0.488","0.62","0.6","0.5693"
"c7d166c9-7d64-4238-81fa-6ca232234b68","USER_22","Player_22",912,16,5,1,True,"summit",1,"2026-03-02 12:22:06.643724","0.24","0.68","1","0.64"
"b58af48b-813e-42d1-9bb4-cf453aec0e49","USER_50","Player_50",140,7,5,1,True,"summit",1,"2026-03-02 14:04:42.93588","0.8833","0.86","1","0.9144"
"6814c1b1-1d0c-45d1-ba7a-23d072f31202","USER_7","Player_7",145,7,1,0,False,"exit",1,"2026-03-02 21:11:13.01157","1","0.125","0.2","0.3375"
"49e97218-c4f0-4672-8669-fe0959e2ed91","USER_9","Player_9",485,25,3,0,False,"failed",1,"2026-03-02 22:57:07.508737","0.3575","0.5","0.6","0.4858"
"9c0ec436-b4f4-42a9-a9df-5b7d9704a084","USER_32","Player_32",289,5,2,0,False,"failed",1,"2026-03-02 23:26:02.048918","1","0.16666666666666666","0.4","0.45"
"9b201eee-5fad-48e1-9255-b63dff1f8981","USER_9","Player_9",202,2,1,0,False,"exit",1,"2026-03-03 01:15:44.430165","1","0.3333333333333333","0.2","0.4"
"a4c9abd5-0218-4a39-9a5e-011a7f1bcccc","USER_17","Player_17",141,10,1,0,False,"failed",1,"2026-03-03 01:28:48.884343","1","0.09090909090909091","0.2","0.32727272727272727"
"bd42f8a2-a4f4-477e-ae70-0e853f087289","USER_18","Player_18",1139,16,3,0,False,"unknown",1,"2026-03-03 03:36:51.273967","0.0305","0.68","0.6","0.4368"
"7ef3b477-46d1-45c4-9af8-a0a9c34b7733","USER_9","Player_9",358,25,4,0,False,"exit",1,"2026-03-03 04:47:14.438762","0.8379888268156425","0.038461538461538464","0.8","0.5791362269015901"
"43b094c3-dff1-417c-ad6f-10577dbb3221","USER_38","Player_38",391,5,5,1,True,"summit",1,"2026-03-03 05:01:00.170676","0.6742","0.9","1","0.8581"
"5ca31be2-16e5-4ff4-9cf3-cebffaa6aa1e","USER_4","Player_4",232,5,4,0,False,"exit",1,"2026-03-03 06:18:50.197574","1","0.16666666666666666","0.8","0.65"
"5cdc8d19-47e1-481c-a7f4-c522c322123c","USER_14","Player_14",440,22,5,1,True,"summit",1,"2026-03-03 06:42:09.93996","0.6818181818181818","0.043478260869565216","1","0.649407114624506"
"bfee2940-cab6-49c7-b043-6e5eccad2787","USER_45","Player_45",298,5,1,0,False,"failed",1,"2026-03-03 07:34:22.807325","1","0.16666666666666666","0.2","0.35"
"24d1e72e-e4ef-4f49-adfc-2580974bd757","USER_6","Player_6",284,8,5,1,True,"summit",1,"2026-03-03 08:34:27.073402","1","0.1111111111111111","1","0.7333333333333333"
"1b29607b-01da-4817-8935-356ec49af56c","USER_25","Player_25",499,11,1,0,False,"failed",1,"2026-03-03 09:23:21.419849","0.6012024048096193","0.08333333333333333","0.2","0.24524048096192386"
"6cd275f8-53ca-4458-b5a7-1f2ee453314c","USER_35","Player_35",176,14,3,0,False,"exit",1,"2026-03-03 10:21:53.958842","1","0.06666666666666667","0.6","0.52"
"9237fca4-389e-4eb2-8ec0-4b05689c1166","USER_11","Player_11",277,37,1,0,False,"failed",1,"2026-03-03 10:44:01.604954","1","0.02631578947368421","0.2","0.3078947368421053"
"33bdbfdc-d0b7-4748-9a74-48b8bde42453","USER_39","Player_39",242,1,3,0,False,"exit",1,"2026-03-03 12:24:10.86139","1","0.5","0.6","0.65"
"a78cc1d6-59c7-416d-ada6-273d87c55d6e","USER_5","Player_5",465,22,5,1,True,"summit",1,"2026-03-03 13:18:44.15032","0.6451612903225806","0.043478260869565216","1","0.6420757363253857"
"2d54907e-274c-4cc9-90bf-48766b658df4","USER_16","Player_16",136,1,1,0,False,"failed",1,"2026-03-03 13:38:04.035149","1","0.5","0.2","0.45"
"a5c8a669-3844-47d5-a83b-2a5d691bb548","USER_14","Player_14",129,10,5,1,True,"summit",1,"2026-03-03 13:39:25.979782","1","0.09090909090909091","1","0.7272727272727273"
"1333f42e-f903-41d4-b49b-f9d8272af42d","USER_20","Player_20",138,18,3,0,False,"exit",1,"2026-03-03 14:24:59.813554","1","0.05263157894736842","0.6","0.5157894736842106"
"6d46e941-93c5-47c1-b3ca-9ef6c0409177","USER_16","Player_16",106,20,5,1,True,"summit",1,"2026-03-03 14:54:59.992638","1","0.047619047619047616","1","0.7142857142857143"
"c684c92e-5df5-4bfd-b69d-d632c094770a","USER_6","Player_6",160,1,5,1,True,"summit",1,"2026-03-03 15:48:26.442351","1","0.5","1","0.85"
"dab5b3cd-2168-4f20-a9ec-e649a7937289","USER_29","Player_29",334,21,3,0,False,"failed",1,"2026-03-03 16:01:22.208725","0.8982035928143712","0.045454545454545456","0.6","0.4932770821992379"
"b8973fda-fca2-47f7-95d8-b3c1dc39a9ba","USER_48","Player_48",146,15,1,0,False,"failed",1,"2026-03-03 16:55:21.219807","1","0.0625","0.2","0.31875"
"2ebd84b9-ecb6-46d3-ac03-282defe293ec","USER_43","Player_43",436,6,1,0,False,"failed",1,"2026-03-03 18:01:39.530849","0.6880733944954128","0.14285714285714285","0.2","0.2804718217562254"
"81bf9672-1375-4f27-bc5a-89056192035b","USER_33","Player_33",130,9,5,1,True,"summit",1,"2026-03-03 23:33:07.607869","1","0.1","1","0.73"
"354d21a5-92b5-4302-9d0f-aab21721d7ec","USER_18","Player_18",551,1,2,0,False,"exit",1,"2026-03-04 00:55:33.823665","0.2163","0.98","0.4","0.5321"
"9f5ce902-350c-4c24-a58d-36c399db2f61","USER_5","Player_5",214,23,3,0,False,"exit",1,"2026-03-04 01:34:03.622002","1","0.041666666666666664","0.6","0.5125"
"bfe3a5fb-faf6-494f-9bf4-714cfeab20ef","USER_20","Player_20",413,73,4,0,False,"exit",1,"2026-03-04 04:22:24.763118","0.7263922518159807","0.013513513513513514","0.8","0.5493325044172502"
"491e0d66-cc08-4713-b5f8-a09a889f81a1","USER_36","Player_36",490,3,5,1,True,"summit",1,"2026-03-04 04:38:54.882892","0.6122448979591837","0.25","1","0.6974489795918367"
"28dad8b0-b364-45dd-94c3-d55156f525e0","USER_14","Player_14",857,13,1,0,False,"exit",1,"2026-03-04 07:56:11.3304","0.0572","0.74","0.2","0.3324"
"79de57f4-d790-4609-8c54-1a6f8d275d3e","USER_6","Player_6",403,7,4,0,False,"failed",1,"2026-03-04 09:11:48.33755","0.7444168734491315","0.125","0.8","0.5863833746898263"
"bd346a9f-1cb1-4895-b9de-2c8ccf0d61e2","USER_16","Player_16",311,4,4,0,False,"exit",1,"2026-03-04 09:24:58.606115","0.9646302250803859","0.2","0.8","0.6529260450160772"
"d31ae8d2-6799-4760-94ea-9715f96327a0","USER_25","Player_25",100,5,1,0,False,"failed",1,"2026-03-04 10:33:09.168423","1","0.16666666666666666","0.2","0.35"
"672b0224-7830-4990-8564-a3e30abfabeb","USER_7","Player_7",386,10,5,1,True,"summit",1,"2026-03-04 10:33:34.120034","0.7772020725388601","0.09090909090909091","1","0.6827131417804992"
"94d97757-ddf9-4be9-a541-04aa6d896801","USER_3","Player_3",226,9,4,0,False,"exit",1,"2026-03-04 16:17:49.27022","1","0.1","0.8","0.63"
"7a64d7ff-9dc3-4e14-ba6f-702b7618d5a1","USER_13","Player_13",183,1,1,0,False,"failed",1,"2026-03-04 17:36:36.559795","1","0.5","0.2","0.45"
"63786e88-cf92-40b0-96d8-7444f9bd9945","USER_32","Player_32",325,1,5,1,True,"summit",1,"2026-03-04 19:38:01.52933","0.9230769230769231","0.5","1","0.8346153846153846"
"1a8c6906-b412-450a-952f-3f2f01efb1b3","USER_34","Player_34",430,29,5,1,True,"summit",1,"2026-03-04 20:24:04.594682","0.6976744186046512","0.03333333333333333","1","0.6495348837209303"
"e9bb6986-c0df-437e-9bcb-0d85d8fe0451","USER_7","Player_7",388,26,1,0,False,"failed",1,"2026-03-04 20:52:59.807558","0.7731958762886598","0.037037037037037035","0.2","0.26575028636884307"
"d286e88f-89d7-4816-bd2c-455a57f5b0f1","USER_18","Player_18",325,13,2,0,False,"failed",1,"2026-03-04 21:33:29.543912","0.9230769230769231","0.07142857142857142","0.4","0.40604395604395604"
"03f381ab-ae1a-41fa-8e8d-cec0a9cb9e30","USER_38","Player_38",418,23,5,1,True,"summit",1,"2026-03-04 21:47:34.97975","0.7177033492822966","0.041666666666666664","1","0.6560406698564594"
"7d01420c-6c64-4372-9a14-1d55b71e924b","USER_1","Player_1",347,21,3,0,False,"exit",1,"2026-03-05 01:42:53.249209","0.8645533141210374","0.045454545454545456","0.6","0.48654702646057113"
"6a647a1c-4732-4b30-984c-64ca2c49f6ed","USER_42","Player_42",551,21,1,0,False,"exit",1,"2026-03-05 02:23:37.329987","0.1082","0.58","0.2","0.2961"
"21ca2463-d56a-433c-af75-7a3356757a02","USER_36","Player_36",466,58,2,0,False,"failed",1,"2026-03-05 03:54:51.010108","0.6437768240343348","0.01694915254237288","0.4","0.3338401105695788"
"615ade2d-7cfa-40c4-abd6-4d6c0b121c9b","USER_31","Player_31",417,14,1,0,False,"failed",1,"2026-03-05 07:52:10.277754","0.7194244604316546","0.06666666666666667","0.2","0.2638848920863309"
"a26ffaf9-c4a5-4840-b06a-08f698830c14","USER_24","Player_24",190,43,1,0,False,"exit",1,"2026-03-05 10:00:27.231004","1","0.022727272727272728","0.2","0.3068181818181818"
"a6f94da0-5823-474d-8baf-2358c8d8d5ae","USER_12","Player_12",179,1,2,0,False,"failed",1,"2026-03-05 10:11:39.985936","1","0.5","0.4","0.55"
"7d081496-79fa-444d-9801-f9a05fafcbef","USER_17","Player_17",278,5,5,1,True,"summit",1,"2026-03-05 10:39:08.63293","1","0.16666666666666666","1","0.75"
"03ec3d0a-9f3d-41c2-bf53-1300fe8eb482","USER_28","Player_28",391,4,5,1,True,"summit",1,"2026-03-05 10:40:34.877666","0.7672634271099744","0.2","1","0.7134526854219949"
"699db767-d284-4254-89e2-0a7169445d5e","USER_47","Player_47",377,7,2,0,False,"failed",1,"2026-03-05 10:45:08.419866","0.7957559681697612","0.125","0.4","0.39665119363395224"
"c6c7c364-19cb-4b04-9822-d7d8c3ba5957","USER_15","Player_15",499,1,1,0,False,"failed",1,"2026-03-05 11:04:51.123123","0.6012024048096193","0.5","0.2","0.37024048096192386"
"d28ff351-17a5-4691-8cac-d692fddba0cf","USER_33","Player_33",360,2,4,0,False,"failed",1,"2026-03-05 12:26:53.830046","0.8333333333333334","0.3333333333333333","0.8","0.6666666666666666"
"16bdc5c5-9a29-401b-ace4-b628e9d7b1a0","USER_27","Player_27",297,7,3,0,False,"failed",1,"2026-03-05 14:08:04.589778","1","0.125","0.6","0.5375"
"86070fcd-6e6c-4391-a16c-b0f721029463","USER_15","Player_15",491,39,3,0,False,"exit",1,"2026-03-05 16:20:07.416717","0.6109979633401222","0.025","0.6","0.42969959266802443"
"752236d0-98ec-489f-ab07-3be31527c9de","USER_44","Player_44",302,6,3,0,False,"exit",1,"2026-03-05 22:43:29.860765","0.9933774834437086","0.14285714285714285","0.6","0.5415326395458846"
"5bd72f65-83bc-45fc-883c-e0f524e4a343","USER_8","Player_8",60,12,5,1,True,"summit",1,"2026-03-05 23:05:53.328906","0.95","0.76","1","0.9033"
"6fb03651-c289-4f56-86cb-61277f2d93ea","USER_48","Player_48",125,9,4,0,False,"exit",1,"2026-03-06 01:48:40.723205","1","0.1","0.8","0.63"
"2a90f181-716c-4f22-8331-c0d15a465dc1","USER_21","Player_21",295,9,2,0,False,"failed",1,"2026-03-06 04:11:21.406335","1","0.1","0.4","0.43"
"47b72ba0-841d-4044-a37b-41173b2499f9","USER_11","Player_11",352,44,4,0,False,"failed",1,"2026-03-06 04:11:24.987508","0.8522727272727273","0.022222222222222223","0.8","0.5771212121212121"
"5a03c8b7-997f-48b6-85fd-3f673ec3371a","USER_3","Player_3",449,1,1,0,False,"failed",1,"2026-03-06 08:34:33.219209","0.6681514476614699","0.5","0.2","0.383630289532294"
"75d7dc7f-7b49-4136-a60d-7a520b82656e","USER_19","Player_19",407,16,2,0,False,"failed",1,"2026-03-06 09:05:01.013882","0.7371007371007371","0.058823529411764705","0.4","0.36506720624367683"
"ea36ecbd-3918-413c-8cc1-1b6d457a9901","USER_34","Player_34",132,16,3,0,False,"failed",1,"2026-03-06 11:01:16.175848","1","0.058823529411764705","0.6","0.5176470588235295"
"4ff306a3-be32-4cf4-b507-a9e04a493a32","USER_22","Player_22",342,12,1,0,False,"failed",1,"2026-03-06 11:17:20.172863","0.8771929824561403","0.07692307692307693","0.2","0.29851551956815114"
"cebd4ee8-1f5f-455f-a7cb-f9f27ab9581c","USER_39","Player_39",114,7,1,0,False,"exit",1,"2026-03-06 11:44:17.787053","1","0.125","0.2","0.3375"
"017839c4-40a4-4fe5-acad-0fe06faba82a","USER_4","Player_4",188,9,2,0,False,"failed",1,"2026-03-06 14:29:40.923337","1","0.1","0.4","0.43"
"c1778a41-7142-4a31-a0f7-8985b98b10b9","USER_6","Player_6",792,6,2,0,False,"exit",1,"2026-03-06 14:56:48.526504","0.136","0.88","0.4","0.472"
"ac0101b7-4299-48fd-8d14-61ed8009b4eb","USER_33","Player_33",429,26,5,1,True,"summit",1,"2026-03-06 16:05:41.987343","0.6993006993006993","0.037037037037037035","1","0.650971250971251"
"8630a6b2-0ffe-4e8e-83f5-7653a82afb7f","USER_23","Player_23",409,11,1,0,False,"failed",1,"2026-03-06 18:09:37.071374","0.7334963325183375","0.08333333333333333","0.2","0.2716992665036675"
"3abc43ce-26ca-49d2-aa52-a0d3f16bfe1b","USER_11","Player_11",709,8,2,0,False,"exit",1,"2026-03-06 19:38:06.19163","0.1637","0.84","0.4","0.4679"
"02841155-0717-4b6c-a6b1-83132004d95c","USER_21","Player_21",417,33,2,0,False,"exit",1,"2026-03-06 19:48:00.587552","0.7194244604316546","0.029411764705882353","0.4","0.3527084214980956"
"1311b2ec-4667-42fa-bc05-9567f76c70d0","USER_28","Player_28",417,49,1,0,False,"exit",1,"2026-03-06 20:06:38.548368","0.7194244604316546","0.02","0.2","0.24988489208633094"
"db384802-5abc-46a3-a78d-c98d6d2331b3","USER_14","Player_14",588,30,3,0,False,"failed",1,"2026-03-06 21:07:16.379502","0.306","0.4","0.6","0.4353"
"e790392c-7915-4c73-b6ad-0e55eb074a69","USER_11","Player_11",105,8,4,0,False,"exit",1,"2026-03-07 00:45:41.677269","1","0.1111111111111111","0.8","0.6333333333333333"
"d498dd67-c26e-4170-8c23-cdb79074fecc","USER_17","Player_17",448,6,3,0,False,"failed",1,"2026-03-07 02:48:20.568698","0.6696428571428571","0.14285714285714285","0.6","0.4767857142857143"
"9269fef9-2c10-4c08-b52d-a28c857ce2dc","USER_42","Player_42",479,45,1,0,False,"exit",1,"2026-03-07 07:27:03.350141","0.6263048016701461","0.021739130434782608","0.2","0.231782699464464"
"bc86d354-43d3-4353-877a-0a230662e1ff","USER_34","Player_34",159,14,1,0,False,"failed",1,"2026-03-07 08:19:08.747421","1","0.06666666666666667","0.2","0.32"
"9c367ab4-d324-4b15-a274-8ec0c5925aa7","USER_2","Player_2",329,2,1,0,False,"failed",1,"2026-03-07 08:57:27.157147","0.9118541033434651","0.3333333333333333","0.2","0.382370820668693"
"4f624c55-618d-436d-bed0-71e3c952c502","USER_10","Player_10",252,4,4,0,False,"exit",1,"2026-03-07 09:12:37.177507","1","0.2","0.8","0.66"
"8038f619-9657-4723-a9d7-0309ab3f6a54","USER_24","Player_24",524,25,2,0,False,"failed",1,"2026-03-07 13:13:20.510331","0.2253","0.5","0.4","0.3751"
"406f9b80-a38e-4193-9179-291b78ae893a","USER_33","Player_33",69,11,4,0,False,"exit",1,"2026-03-07 20:51:18.270671","0.754","0.78","0.8","0.778"
"dbb5e10e-fbb0-45e1-a9e3-b0988ebd66cb","USER_24","Player_24",217,10,1,0,False,"exit",1,"2026-03-07 21:34:48.612822","1","0.09090909090909091","0.2","0.32727272727272727"
"38554f1c-d8fa-4732-8a35-d5c3a360f92a","USER_3","Player_3",105,9,3,0,False,"exit",1,"2026-03-07 23:21:49.934034","1","0.1","0.6","0.53"
"a389e9b9-c2da-4313-aff6-24cb54f02d83","USER_9","Player_9",203,19,5,1,True,"summit",1,"2026-03-08 03:10:07.850692","1","0.05","1","0.715"
"107d91e6-c93a-4f92-a3d7-424deb45aae7","USER_20","Player_20",161,13,3,0,False,"exit",1,"2026-03-08 05:13:06.624986","0.5195","0.74","0.6","0.6198"
"a11197d4-251c-402a-8aa1-9af6d884904a","USER_24","Player_24",293,2,2,0,False,"failed",1,"2026-03-08 05:47:29.970128","1","0.3333333333333333","0.4","0.5"
"f421998f-372f-4016-b07a-eb6299f3e417","USER_19","Player_19",149,2,3,0,False,"exit",1,"2026-03-08 08:27:26.864292","1","0.3333333333333333","0.6","0.6"
"43495685-8789-4560-a3ef-36d24bb596b9","USER_3","Player_3",289,2,1,0,False,"failed",1,"2026-03-08 09:43:43.17932","1","0.3333333333333333","0.2","0.4"
"04c904cc-6e1d-4012-baa8-41f2de7c3627","USER_22","Player_22",360,22,4,0,False,"exit",1,"2026-03-08 11:38:26.659477","0.8333333333333334","0.043478260869565216","0.8","0.5797101449275363"
"918fb8c4-ddc6-4364-9cd2-a5533fa56356","USER_22","Player_22",370,2,2,0,False,"failed",1,"2026-03-08 15:01:47.782344","0.8108108108108109","0.3333333333333333","0.4","0.46216216216216216"
"5d4cd32d-b08b-430a-aa3f-395a7074579b","USER_35","Player_35",459,46,3,0,False,"failed",1,"2026-03-08 15:08:51.162534","0.6535947712418301","0.02127659574468085","0.6","0.43710193297177025"
"0defa214-3d1f-49b0-aaed-f7d4b20af635","USER_24","Player_24",282,6,3,0,False,"exit",1,"2026-03-08 17:14:11.324323","0.459","0.88","0.6","0.6463"
"d14b8ec4-1533-4b94-867e-5adf8afdefc7","USER_35","Player_35",129,4,5,1,True,"summit",1,"2026-03-08 17:49:51.790479","1","0.2","1","0.76"
"161807bc-912e-4cb1-81df-2e3108c46d2f","USER_29","Player_29",372,12,3,0,False,"failed",1,"2026-03-08 18:22:19.482365","0.8064516129032258","0.07692307692307693","0.6","0.4843672456575682"
"10be1583-0d1b-401b-a25c-058ce3126a05","USER_47","Player_47",216,10,2,0,False,"exit",1,"2026-03-08 20:44:23.407778","0.328","0.8","0.4","0.5093"
"4dca894a-adaa-4aaf-8b7f-e96e73553510","USER_12","Player_12",114,2,1,0,False,"failed",1,"2026-03-08 21:42:58.487379","1","0.3333333333333333","0.2","0.4"
"7c668d0d-b455-4937-a1d1-19327b6b2541","USER_28","Player_28",307,14,1,0,False,"exit",1,"2026-03-09 00:26:24.716972","0.9771986970684039","0.06666666666666667","0.2","0.3154397394136808"
"c71cf28f-2ebd-42c5-a028-ee2b6be2b4e2","USER_4","Player_4",331,26,5,1,True,"summit",1,"2026-03-09 05:23:32.572949","0.9063444108761329","0.037037037037037035","1","0.6923799932863377"
"510c3af8-990a-457c-aa3e-0e8bd8bcf4f4","USER_21","Player_21",236,32,4,0,False,"exit",1,"2026-03-09 05:43:30.416056","1","0.030303030303030304","0.8","0.6090909090909091"
"ea630c21-da64-46c4-bd28-6daf33833343","USER_16","Player_16",377,4,3,0,False,"exit",1,"2026-03-09 06:04:14.283144","0.7957559681697612","0.2","0.6","0.5191511936339522"
"856d287f-4623-42b1-830a-85fb1d7dd02e","USER_30","Player_30",311,27,1,0,False,"exit",1,"2026-03-09 08:59:39.409859","0.9646302250803859","0.03571428571428571","0.2","0.3036403307303629"
"7e7ea5bb-de23-427f-925d-3c396c9342c8","USER_21","Player_21",213,15,2,0,False,"exit",1,"2026-03-09 11:05:20.949696","1","0.0625","0.4","0.41875"
"57102eef-9791-41b4-a442-99acde7ad219","USER_44","Player_44",277,44,5,1,True,"summit",1,"2026-03-09 13:13:36.975279","1","0.022222222222222223","1","0.7066666666666667"
"e22f275d-247b-4e89-94d5-828c40834663","USER_46","Player_46",457,7,2,0,False,"failed",1,"2026-03-09 17:31:23.783959","0.6564551422319475","0.125","0.4","0.3687910284463895"
"b80f4e6f-15ab-468e-9a70-a436a85450f1","USER_9","Player_9",277,12,1,0,False,"exit",1,"2026-03-09 18:43:45.220303","1","0.07692307692307693","0.2","0.3230769230769231"
"bae6a345-7f4a-42fc-ac7c-ecb586c8666b","USER_36","Player_36",448,38,3,0,False,"failed",1,"2026-03-10 04:02:04.309586","0.6696428571428571","0.02564102564102564","0.6","0.4416208791208791"
"b7223dab-2449-4f7c-b7bc-0d9c8242e662","USER_8","Player_8",664,40,4,0,False,"failed",1,"2026-03-10 05:39:12.927412","0.3573","0.2","0.8","0.4524"
"328213c5-9d82-4a90-a0e5-6f51f3e39315","USER_28","Player_28",139,17,1,0,False,"failed",1,"2026-03-10 05:41:26.178089","1","0.05555555555555555","0.2","0.31666666666666665"
"1cb0406c-82f2-44c4-991f-2c98ad450e65","USER_7","Player_7",208,16,2,0,False,"failed",1,"2026-03-10 06:39:31.258084","1","0.058823529411764705","0.4","0.4176470588235294"
"61459d5b-c0a6-4475-a3fe-a7c1d9cc02d2","USER_13","Player_13",284,26,4,0,False,"failed",1,"2026-03-10 06:54:52.915407","1","0.037037037037037035","0.8","0.6111111111111112"
"90cb83ca-c478-4339-a70a-812f2bf03082","USER_19","Player_19",404,0,3,0,False,"exit",1,"2026-03-10 07:48:13.134709","0.398","1","0.6","0.666"
"8fa3e9a8-24b0-4f11-bd93-13b447309138","USER_36","Player_36",231,24,5,1,True,"summit",1,"2026-03-10 08:57:37.288701","1","0.04","1","0.712"
"8151b5d7-2cf1-4982-baa6-b8cd184913be","USER_19","Player_19",339,18,5,1,True,"summit",1,"2026-03-10 10:18:17.5661","0.8849557522123894","0.05263157894736842","1","0.6927806241266884"
"fe3a9cdd-725a-48a1-ba4a-7f2c965e44c3","USER_50","Player_50",153,1,1,0,False,"failed",1,"2026-03-10 10:21:37.865337","1","0.5","0.2","0.45"
"4738fe8b-eaf7-4d4a-938a-02d79e33d7bd","USER_1","Player_1",218,11,2,0,False,"exit",1,"2026-03-10 10:53:03.440249","0.3273","0.78","0.4","0.5024"
"0d6b0602-e8ba-4be1-a3c7-46a29af9ab86","USER_31","Player_31",321,17,4,0,False,"failed",1,"2026-03-10 11:28:11.723723","0.9345794392523364","0.05555555555555555","0.8","0.6035825545171339"
"4a3726b0-7588-4b62-860a-a069ca3a199a","USER_46","Player_46",154,4,2,0,False,"exit",1,"2026-03-10 15:38:46.86251","1","0.2","0.4","0.46"
"856db38e-57d4-46d1-8582-60b973258fb8","USER_29","Player_29",207,9,3,0,False,"failed",1,"2026-03-10 16:32:23.756614","1","0.1","0.6","0.53"
"260f6dff-058e-4f86-816c-9d9c2ca2d829","USER_35","Player_35",241,19,2,0,False,"failed",1,"2026-03-10 17:42:49.547747","1","0.05","0.4","0.415"
"13aafaef-cc24-44a8-b044-451d7da2de65","USER_22","Player_22",663,16,5,1,True,"summit",1,"2026-03-10 17:47:06.870631","0.4475","0.68","1","0.7092"
"fbff1913-5ad6-4a4c-b80c-fd9a9b8c303f","USER_17","Player_17",229,1,1,0,False,"exit",1,"2026-03-10 18:02:04.780423","1","0.5","0.2","0.45"
"f67a454f-4753-4396-aa68-f501caa6661f","USER_12","Player_12",265,5,3,0,False,"failed",1,"2026-03-10 19:58:59.599729","1","0.16666666666666666","0.6","0.55"
"5afca446-dafd-4a57-874a-ea44af91343e","USER_4","Player_4",187,29,1,0,False,"exit",1,"2026-03-10 22:12:56.383496","1","0.03333333333333333","0.2","0.31"
"59f11b1a-686b-4a22-9e8f-b78b01018328","USER_33","Player_33",230,23,1,0,False,"failed",1,"2026-03-11 07:37:26.587802","1","0.041666666666666664","0.2","0.3125"
"c6541f61-960a-46b4-b3a8-285c6d91c582","USER_29","Player_29",266,14,3,0,False,"failed",1,"2026-03-11 08:54:55.262612","1","0.06666666666666667","0.6","0.52"
"c6c88e60-4064-42af-84a1-30c686844cab","USER_47","Player_47",411,74,5,1,True,"summit",1,"2026-03-11 10:19:39.551168","0.7299270072992701","0.013333333333333334","1","0.6499854014598541"
"3fa57d14-0458-4a80-b766-d243b7a2ce36","USER_32","Player_32",397,38,4,0,False,"exit",1,"2026-03-11 11:40:52.930743","0.7556675062972292","0.02564102564102564","0.8","0.5588258089517535"
"a891c1f9-6bc9-4340-82b3-aa790a256b19","USER_19","Player_19",348,15,2,0,False,"failed",1,"2026-03-11 13:13:45.662457","0.8620689655172413","0.0625","0.4","0.3911637931034483"
"0fd3cc7e-4f31-49ef-8654-3795477c7d93","USER_39","Player_39",314,41,2,0,False,"failed",1,"2026-03-11 13:32:33.367483","0.9554140127388535","0.023809523809523808","0.4","0.39822565969062784"
"cb82775f-93cc-4d21-907b-ef80e16efe10","USER_25","Player_25",315,40,5,1,True,"summit",1,"2026-03-11 15:00:39.105435","0.9523809523809523","0.024390243902439025","1","0.6977932636469222"
"be325e16-7e5b-437f-909c-7f9b12442fe7","USER_45","Player_45",163,13,4,0,False,"failed",1,"2026-03-11 15:05:17.78218","1","0.07142857142857142","0.8","0.6214285714285714"
"608be47b-ef56-4325-a4b2-22608487d26f","USER_11","Player_11",453,48,5,1,True,"summit",1,"2026-03-11 17:10:33.103252","0.6622516556291391","0.02040816326530612","1","0.6385727801054196"
"482ca4db-d852-401e-93f0-4f25b9755a04","USER_19","Player_19",149,9,5,1,True,"summit",1,"2026-03-11 22:15:52.224729","1","0.1","1","0.73"
"1088053b-c728-4ce9-8595-2e7d4174eb88","USER_17","Player_17",335,2,4,0,False,"failed",1,"2026-03-11 22:56:54.065664","0.8955223880597015","0.3333333333333333","0.8","0.6791044776119403"
"ac92d8cb-9070-495b-89b5-f854fb1922a4","USER_19","Player_19",405,46,3,0,False,"failed",1,"2026-03-11 23:57:11.296241","0.7407407407407407","0.02127659574468085","0.6","0.4545311268715524"
"d5948a19-bca5-47d3-9a65-c7a4f60f1185","USER_15","Player_15",144,18,3,0,False,"failed",1,"2026-03-12 03:23:30.70965","1","0.05263157894736842","0.6","0.5157894736842106"
"b9eb77d5-cf5b-4d66-b415-72f095338b33","USER_30","Player_30",350,1,2,0,False,"failed",1,"2026-03-12 03:42:53.5442","0.8571428571428571","0.5","0.4","0.5214285714285715"
"6e2df4e7-f892-4603-9900-6e91ab575b60","USER_6","Player_6",351,29,4,0,False,"exit",1,"2026-03-12 05:40:46.606986","0.8547008547008547","0.03333333333333333","0.8","0.5809401709401709"
"e98a4e2b-2061-419a-b1d9-7d81d1f3b40f","USER_4","Player_4",441,28,5,1,True,"summit",1,"2026-03-12 06:43:55.818603","0.6802721088435374","0.034482758620689655","1","0.6463992493549143"
"de1e99c2-c981-4ffb-8a7d-3d26e85a1476","USER_13","Player_13",345,36,4,0,False,"failed",1,"2026-03-12 07:05:44.63991","0.8695652173913043","0.02702702702702703","0.8","0.582021151586369"
"79b9504e-c865-4a22-9bdf-9d98465e1d77","USER_26","Player_26",254,6,4,0,False,"exit",1,"2026-03-12 07:32:58.673987","1","0.14285714285714285","0.8","0.6428571428571429"
"29ad702e-ee0a-4201-8f3c-aafcbfedce4c","USER_18","Player_18",208,23,4,0,False,"failed",1,"2026-03-12 12:03:23.511935","1","0.041666666666666664","0.8","0.6125"
"f5cf4683-056a-4c91-b9f5-076e14d01f5b","USER_32","Player_32",188,8,5,1,True,"summit",1,"2026-03-12 12:16:03.549415","1","0.1111111111111111","1","0.7333333333333333"
"d7c6e0ac-6890-4d52-9952-eab63fd87e99","USER_26","Player_26",316,18,5,1,True,"summit",1,"2026-03-12 12:29:22.530898","0.9493670886075949","0.05263157894736842","1","0.7056628914057295"
"7d6b90b6-299a-43b5-be14-39a8498d701c","USER_40","Player_40",394,42,4,0,False,"exit",1,"2026-03-12 13:49:14.689772","0.7614213197969543","0.023255813953488372","0.8","0.5592610081454373"
"9a498645-639b-43d1-878a-ca7b25ce1199","USER_32","Player_32",411,6,4,0,False,"failed",1,"2026-03-12 13:52:57.892366","0.7299270072992701","0.14285714285714285","0.8","0.5888425443169969"
"0cbe171f-364c-45fd-a7cc-87431160ad3b","USER_8","Player_8",122,8,1,0,False,"failed",1,"2026-03-12 14:13:01.307371","1","0.1111111111111111","0.2","0.3333333333333333"
"7ef4377c-4549-49d7-ae0d-aa6e8f02acf8","USER_36","Player_36",392,3,1,0,False,"failed",1,"2026-03-12 16:17:52.350168","0.7653061224489796","0.25","0.2","0.3280612244897959"
"cff198ef-6990-431f-99cc-b6f85f524536","USER_32","Player_32",115,7,1,0,False,"failed",1,"2026-03-12 18:10:15.758086","1","0.125","0.2","0.3375"
"5b3e8206-f928-4f14-a335-643a91ed241c","USER_11","Player_11",359,19,5,1,True,"summit",1,"2026-03-12 20:11:58.680286","0.7008","0.62","1","0.7736"
"ac196d13-ab6f-4a4c-8a1d-6cc4b81621da","USER_23","Player_23",487,27,3,0,False,"failed",1,"2026-03-12 23:01:24.671495","0.6160164271047228","0.03571428571428571","0.6","0.4339175711352303"
"5ae673dc-bb82-42f3-8b93-764558cdec23","USER_9","Player_9",488,80,5,1,True,"summit",1,"2026-03-13 02:47:07.740082","0.6147540983606558","0.012345679012345678","1","0.6266545233758348"
"cfed934a-748e-4076-bf47-daeeb6dbd686","USER_31","Player_31",106,1,5,1,True,"summit",1,"2026-03-13 03:16:55.584771","1","0.5","1","0.85"
"eb3b0b0d-3dbb-4c50-b62c-3ff1bd0a2ff2","USER_19","Player_19",250,22,1,0,False,"failed",1,"2026-03-13 05:27:05.361336","1","0.043478260869565216","0.2","0.3130434782608696"
"8c6aa3be-0f3f-48b8-8538-b1ed992397b4","USER_3","Player_3",405,67,5,1,True,"summit",1,"2026-03-13 05:44:11.386788","0.7407407407407407","0.014705882352941176","1","0.6525599128540305"
"3aeb34e1-8770-4bc3-b65b-09331675da7b","USER_30","Player_30",325,33,2,0,False,"exit",1,"2026-03-13 05:51:00.484828","0.9230769230769231","0.029411764705882353","0.4","0.3934389140271493"
"8b2dc7af-40b5-4061-94ba-a4378e6c152b","USER_28","Player_28",388,27,3,0,False,"exit",1,"2026-03-13 06:05:35.560501","0.7731958762886598","0.03571428571428571","0.6","0.4653534609720177"
"4bf1e66d-b2ec-4f37-bfb0-3f158c710b97","USER_4","Player_4",378,1,3,0,False,"exit",1,"2026-03-13 08:08:39.95081","0.7936507936507936","0.5","0.6","0.6087301587301587"
"59c1f8e3-c2bd-4ff9-876e-e42eaf396968","USER_4","Player_4",387,10,5,1,True,"summit",1,"2026-03-13 11:05:20.166623","0.7751937984496124","0.09090909090909091","1","0.6823114869626498"
"049213bd-dc8f-4794-8573-7b9945bb4122","USER_36","Player_36",158,13,5,1,True,"summit",1,"2026-03-13 13:40:02.805232","1","0.07142857142857142","1","0.7214285714285714"
"239f8533-d7a4-486a-bfa7-9fb647f8cd67","USER_23","Player_23",142,3,1,0,False,"exit",1,"2026-03-13 13:54:50.247584","1","0.25","0.2","0.375"
"15118dd9-6507-45e3-a150-573ef2f89a3b","USER_42","Player_42",491,57,2,0,False,"exit",1,"2026-03-13 15:04:06.656419","0.6109979633401222","0.017241379310344827","0.4","0.3273720064611279"
"958ab261-27e7-4bc0-9127-72c171c2ce1a","USER_41","Player_41",318,14,1,0,False,"failed",1,"2026-03-13 16:01:08.901567","0.9433962264150944","0.06666666666666667","0.2","0.3086792452830189"
"be111a2a-890f-4c1d-8756-41916320b257","USER_26","Player_26",313,45,1,0,False,"exit",1,"2026-03-13 16:57:00.258401","0.9584664536741214","0.021739130434782608","0.2","0.29821502986525905"
"09671332-9a92-407e-925a-87307874fbfb","USER_44","Player_44",411,4,2,0,False,"failed",1,"2026-03-13 17:18:16.300339","0.7299270072992701","0.2","0.4","0.405985401459854"
"342f9bdb-3f66-4d9a-a615-8a694831cd58","USER_26","Player_26",709,14,2,0,False,"exit",1,"2026-03-13 17:46:10.591115","0.1637","0.72","0.4","0.4279"
"94bbf663-e13b-4b46-aacd-a67d5c876a54","USER_1","Player_1",192,7,3,0,False,"exit",1,"2026-03-13 18:17:43.43199","1","0.125","0.6","0.5375"
"9fa8a056-8bfb-478a-9088-db108b67e352","USER_36","Player_36",265,19,5,1,True,"summit",1,"2026-03-13 19:22:31.483246","1","0.05","1","0.715"
"f4ce2f53-6652-47d7-a068-59445568e7c1","USER_21","Player_21",226,6,3,0,False,"failed",1,"2026-03-13 20:25:24.179697","1","0.14285714285714285","0.6","0.5428571428571428"
"606894b7-7b5d-4d77-b39c-67ef0aa27c91","USER_28","Player_28",496,46,3,0,False,"exit",1,"2026-03-13 20:33:14.299554","0.6048387096774194","0.02127659574468085","0.6","0.42735072065888813"
"1c4e4848-ff6a-4eef-bd36-73d65b509acd","USER_27","Player_27",370,1,2,0,False,"failed",1,"2026-03-13 21:07:05.417554","0.8108108108108109","0.5","0.4","0.5121621621621621"
"ba9c0d91-c185-4cbe-b030-e52ca02c43a7","USER_26","Player_26",464,39,2,0,False,"failed",1,"2026-03-13 22:14:00.238226","0.646551724137931","0.025","0.4","0.3368103448275862"
"15904445-37c7-4623-925d-00efb21483cc","USER_12","Player_12",157,4,4,0,False,"exit",1,"2026-03-13 22:45:38.477107","0.6953","0.92","0.8","0.8051"
"4599524b-8928-46f5-87e9-416875a0a183","USER_38","Player_38",362,25,4,0,False,"exit",1,"2026-03-14 03:37:12.246812","0.8287292817679558","0.038461538461538464","0.8","0.5772843178920527"
"2119e21c-873c-4c43-b907-f0c17c8acb5f","USER_21","Player_21",415,6,4,0,False,"exit",1,"2026-03-14 06:22:43.588852","0.5233","0.88","0.8","0.7344"
"e63fcbd1-d282-4900-b99e-65a39bddba77","USER_10","Player_10",426,1,5,1,True,"summit",1,"2026-03-14 08:16:44.19971","0.704225352112676","0.5","1","0.7908450704225352"
"719f194f-b5bd-43ba-aef2-f9ccdc09919d","USER_50","Player_50",211,11,3,0,False,"exit",1,"2026-03-14 08:37:43.469162","1","0.08333333333333333","0.6","0.525"
"b1d3f94e-1e82-4e32-ace1-6ba50f51ae24","USER_14","Player_14",172,9,3,0,False,"exit",1,"2026-03-14 11:28:49.113442","0.514","0.82","0.6","0.6447"
"774daf45-09e0-4c39-b871-ed0231f65ff5","USER_5","Player_5",149,3,3,0,False,"failed",1,"2026-03-14 14:20:03.109972","1","0.25","0.6","0.575"
"f3eb9bd9-4b17-4ae2-b693-3b929b46c6d7","USER_41","Player_41",321,6,4,0,False,"exit",1,"2026-03-14 14:53:24.949799","0.586","0.88","0.8","0.7553"
"31f23e05-7458-4464-bd97-c03aad49ea23","USER_22","Player_22",327,12,5,1,True,"summit",1,"2026-03-14 15:24:38.525134","0.9174311926605505","0.07692307692307693","1","0.7065631616090332"
"0f0e2ae3-ec7d-480c-90a7-dee21b9e163f","USER_20","Player_20",392,20,5,1,True,"summit",1,"2026-03-14 15:44:11.716099","0.7653061224489796","0.047619047619047616","1","0.6673469387755102"
"96d9e38d-21b1-42e5-bc99-fe29fe2efadc","USER_32","Player_32",402,1,2,0,False,"exit",1,"2026-03-14 19:56:41.651314","0.746268656716418","0.5","0.4","0.4992537313432836"
"3a25e993-a2b3-45ac-8ba8-a055541490a8","USER_44","Player_44",183,35,5,1,True,"summit",1,"2026-03-14 20:02:14.720031","1","0.027777777777777776","1","0.7083333333333334"
"f89e5f1c-87e1-4b2f-b8d7-bef0e6213d03","USER_30","Player_30",360,16,4,0,False,"failed",1,"2026-03-14 21:54:53.285036","0.8333333333333334","0.058823529411764705","0.8","0.5843137254901961"
"e467deed-2e95-4067-8646-6f7fa65c7689","USER_7","Player_7",572,11,4,0,False,"exit",1,"2026-03-14 22:07:33.092866","0.4187","0.78","0.8","0.6662"
"55b85afe-0454-4c24-995a-11d6b1fcbd49","USER_17","Player_17",307,7,3,0,False,"exit",1,"2026-03-14 22:21:02.844092","0.9771986970684039","0.125","0.6","0.5329397394136808"
"2beb472b-5a2b-494e-9432-16318ebc9a1a","USER_28","Player_28",474,12,2,0,False,"failed",1,"2026-03-14 22:52:52.390162","0.6329113924050633","0.07692307692307693","0.4","0.34965920155793573"
"c1d0f9c1-1b59-4f46-9f43-bfa0bfbeb456","USER_13","Player_13",257,10,4,0,False,"exit",1,"2026-03-14 23:02:18.201085","0.6287","0.8","0.8","0.7429"
"a8f18af3-81b6-467d-96bd-c26f6c6c68f9","USER_4","Player_4",228,23,4,0,False,"exit",1,"2026-03-14 23:22:17.705951","1","0.041666666666666664","0.8","0.6125"
"652e6bbe-abfb-420c-a87f-768da2fc08d7","USER_39","Player_39",359,7,4,0,False,"exit",1,"2026-03-14 23:43:08.203861","0.8356545961002786","0.125","0.8","0.6046309192200557"
"d52c3d51-ea2c-4be6-ac94-c8611e1f7e4a","USER_17","Player_17",110,1,3,0,False,"exit",1,"2026-03-15 01:14:21.507668","1","0.5","0.6","0.65"
"c425c744-7250-49f4-8914-4e0a7b83fed6","USER_8","Player_8",282,18,1,0,False,"failed",1,"2026-03-15 02:09:27.400749","1","0.05263157894736842","0.2","0.3157894736842105"
"32cc4c54-d815-4558-9135-22b3d63560d5","USER_48","Player_48",236,1,5,1,True,"summit",1,"2026-03-15 03:04:41.449351","1","0.5","1","0.85"
"7dc8f4f2-bf67-442c-a2bb-4d09974f562c","USER_15","Player_15",172,14,5,1,True,"summit",1,"2026-03-15 03:34:38.303336","1","0.06666666666666667","1","0.72"
"6386240a-9a59-4205-af2f-3b1ce405070c","USER_9","Player_9",439,35,3,0,False,"failed",1,"2026-03-15 04:35:59.913321","0.683371298405467","0.027777777777777776","0.6","0.4450075930144267"
"41a9d0c8-cccf-4034-84cf-c2d5382468b5","USER_33","Player_33",399,1,1,0,False,"exit",1,"2026-03-15 05:29:52.517431","0.7518796992481203","0.5","0.2","0.40037593984962405"
"412bebd2-a2e1-422a-bba2-198cb7812eca","USER_30","Player_30",303,3,3,0,False,"failed",1,"2026-03-15 11:00:41.660089","0.9900990099009901","0.25","0.6","0.573019801980198"
"e0ffff10-048a-486d-baa2-68796a2d4efc","USER_24","Player_24",196,2,2,0,False,"failed",1,"2026-03-15 11:42:58.998857","1","0.3333333333333333","0.4","0.5"
"ef57c750-1a20-4f7b-9214-52cb02219b99","USER_47","Player_47",193,5,4,0,False,"exit",1,"2026-03-15 12:18:14.854943","1","0.16666666666666666","0.8","0.65"
"6a41fa46-8903-4c2c-9d51-fc741bb092f8","USER_40","Player_40",497,8,3,0,False,"exit",1,"2026-03-15 13:00:57.089279","0.6036217303822937","0.1111111111111111","0.6","0.4540576794097921"
"d303b931-0fe4-433e-b9db-5579f5aadf38","USER_34","Player_34",109,3,1,0,False,"failed",1,"2026-03-15 14:49:05.756052","1","0.25","0.2","0.375"
"c097aa69-2a66-48d9-b05b-cc7001f945f2","USER_46","Player_46",487,79,1,0,False,"failed",1,"2026-03-15 15:39:12.483791","0.6160164271047228","0.0125","0.2","0.22695328542094456"
"68baf571-51b6-417f-a586-a8378807064d","USER_48","Player_48",416,20,4,0,False,"failed",1,"2026-03-15 19:43:56.391123","0.7211538461538461","0.047619047619047616","0.8","0.5585164835164835"
"bd4b3e7f-851e-44fa-8e34-56be816774c0","USER_50","Player_50",411,16,1,0,False,"exit",1,"2026-03-15 20:19:56.480653","0.1315","0.68","0.2","0.3372"
"e6add95e-d3f1-4c39-93c9-37c869e555ed","USER_16","Player_16",292,1,2,0,False,"exit",1,"2026-03-15 22:08:54.817596","1","0.5","0.4","0.55"
"a24b7b2d-c861-40af-9d4e-d2eb7b9e6c57","USER_18","Player_18",257,7,2,0,False,"exit",1,"2026-03-16 00:09:48.701712","1","0.125","0.4","0.4375"
"dcdff504-7ac6-4eab-bd60-f20ba870c022","USER_46","Player_46",575,2,4,0,False,"exit",1,"2026-03-16 00:25:38.604612","0.4167","0.96","0.8","0.7256"
"13b5918c-801e-4ab0-9a2e-dfbe7220d754","USER_26","Player_26",247,1,5,1,True,"summit",1,"2026-03-16 01:27:13.456363","0.7942","0.98","1","0.9247"
"91bc8c48-2358-4817-a0ae-d80967d9ba0b","USER_18","Player_18",389,11,2,0,False,"failed",1,"2026-03-16 01:41:57.980562","0.7712082262210797","0.08333333333333333","0.4","0.37924164524421594"
"21a030ab-20e2-472b-8cca-52b57870823d","USER_29","Player_29",285,4,2,0,False,"failed",1,"2026-03-16 01:57:29.262984","1","0.2","0.4","0.46"
"c9ffdf66-213a-4794-957e-3acb690f554f","USER_14","Player_14",454,61,1,0,False,"failed",1,"2026-03-16 05:33:06.231166","0.6607929515418502","0.016129032258064516","0.2","0.2369972999857894"
"448413db-c6d3-4199-b722-97c586079d16","USER_31","Player_31",151,13,4,0,False,"failed",1,"2026-03-16 06:02:05.902205","1","0.07142857142857142","0.8","0.6214285714285714"
"a6d0d496-ad82-40a7-93ff-b64ff5150d75","USER_13","Player_13",140,20,2,0,False,"failed",1,"2026-03-16 09:02:09.353455","1","0.047619047619047616","0.4","0.4142857142857143"
"4ed1aa76-5e0a-4efe-b281-c961b981f06f","USER_11","Player_11",378,39,2,0,False,"exit",1,"2026-03-16 10:30:58.001218","0.7936507936507936","0.025","0.4","0.36623015873015874"
"d330c63d-a96d-4a96-8887-3391f782fca1","USER_46","Player_46",336,11,1,0,False,"failed",1,"2026-03-16 10:51:23.220173","0.8928571428571429","0.08333333333333333","0.2","0.30357142857142855"
"f259fecf-cf7f-46f3-9f8e-ac6ceeb861bb","USER_30","Player_30",449,9,5,1,True,"summit",1,"2026-03-16 12:21:11.781155","0.6681514476614699","0.1","1","0.663630289532294"
"337d0db8-2ab5-405d-b610-edccf82142f0","USER_29","Player_29",229,3,5,1,True,"summit",1,"2026-03-16 17:47:52.710154","1","0.25","1","0.775"
"0fb7b0bf-d3db-400e-bdbd-449b2f2a50ac","USER_23","Player_23",362,24,4,0,False,"exit",1,"2026-03-16 18:10:24.886676","0.8287292817679558","0.04","0.8","0.5777458563535912"
"0306dc56-767d-4ec3-94ad-cc6e2770ea92","USER_2","Player_2",273,11,5,1,True,"summit",1,"2026-03-16 18:48:40.266098","1","0.08333333333333333","1","0.725"
"452d0c2b-93e2-4b52-b392-180733b8296b","USER_27","Player_27",133,16,3,0,False,"failed",1,"2026-03-16 18:55:44.079019","1","0.058823529411764705","0.6","0.5176470588235295"
"1fea143a-63aa-463a-ac85-27e59160be1b","USER_4","Player_4",407,72,1,0,False,"exit",1,"2026-03-16 21:40:32.305704","0.7371007371007371","0.0136986301369863","0.2","0.2515297364612433"
"3484dacf-56c8-480c-8c0d-36aeeac02209","USER_20","Player_20",426,55,2,0,False,"failed",1,"2026-03-16 22:34:43.671346","0.704225352112676","0.017857142857142856","0.4","0.3462022132796781"
"06029b86-0bc0-48a8-b7d3-cb9c54e3c6df","USER_46","Player_46",106,19,5,1,True,"summit",1,"2026-03-17 01:14:00.685974","1","0.05","1","0.715"
"b22aedac-cdaf-40d6-b827-c27617af52cf","USER_49","Player_49",391,6,5,1,True,"summit",1,"2026-03-17 03:56:38.428789","0.7672634271099744","0.14285714285714285","1","0.6963098282791378"
"cead43bb-ff08-49db-ac6f-a8207a9e0f13","USER_17","Player_17",193,11,3,0,False,"exit",1,"2026-03-17 05:18:45.814776","1","0.08333333333333333","0.6","0.525"
"ded3a7b8-5784-41c5-a938-7dd229873f45","USER_31","Player_31",313,2,4,0,False,"failed",1,"2026-03-17 05:26:29.014729","0.9584664536741214","0.3333333333333333","0.8","0.6916932907348243"
"964dc143-7623-46f4-9ee0-78df6693f4b4","USER_1","Player_1",490,9,3,0,False,"exit",1,"2026-03-17 09:12:32.323756","0.6122448979591837","0.1","0.6","0.4524489795918367"
"7e6f7a13-1f61-4c70-9be4-4ee5a202c1e5","USER_31","Player_31",397,3,4,0,False,"failed",1,"2026-03-17 09:40:16.222827","0.7556675062972292","0.25","0.8","0.6261335012594459"
"66a02ae3-ea0b-4db4-b114-6163c78035d2","USER_26","Player_26",486,37,1,0,False,"failed",1,"2026-03-17 10:47:26.622405","0.6172839506172839","0.02631578947368421","0.2","0.23135152696556205"
"12b6a032-e5b3-4498-b90c-6cb581e04dc7","USER_1","Player_1",444,35,2,0,False,"failed",1,"2026-03-17 12:21:36.919561","0.6756756756756757","0.027777777777777776","0.4","0.34346846846846846"
"c2779a0d-e94a-4906-af05-c90b39412a30","USER_14","Player_14",346,16,4,0,False,"failed",1,"2026-03-17 14:35:18.019028","0.8670520231213873","0.058823529411764705","0.8","0.5910574634478069"
"a3d19bb3-445e-4f32-b7fc-b666437848fa","USER_35","Player_35",374,23,2,0,False,"exit",1,"2026-03-17 19:45:12.145137","0.2753","0.54","0.4","0.4051"
"004d9df0-517b-4802-aa67-5afa096472d0","USER_12","Player_12",571,10,4,0,False,"exit",1,"2026-03-17 19:46:43.622677","0.4193","0.8","0.8","0.6731"
"74e32711-40e4-4e14-ba0b-dfb52097b1d2","USER_24","Player_24",145,22,5,1,True,"summit",1,"2026-03-17 20:17:20.605939","0.8792","0.56","1","0.8131"
"9114549b-7153-40d8-8fc0-3d5ab7627d50","USER_14","Player_14",143,1,2,0,False,"failed",1,"2026-03-17 20:25:42.396989","1","0.5","0.4","0.55"
"79d214e4-ae4b-41b4-9a9c-ca45ae7373c8","USER_15","Player_15",182,20,3,0,False,"exit",1,"2026-03-17 20:40:21.316635","0.509","0.6","0.6","0.5697"
"2b9e92fe-6bb9-443b-a6f4-7de5f8750282","USER_10","Player_10",318,31,3,0,False,"failed",1,"2026-03-17 21:57:33.753746","0.9433962264150944","0.03125","0.6","0.4980542452830189"
"af674419-69e0-4c4c-8266-fad1d94ab857","USER_46","Player_46",244,25,3,0,False,"failed",1,"2026-03-17 22:34:52.784416","1","0.038461538461538464","0.6","0.5115384615384615"
"ed038e3c-64e1-4029-93fa-6fa1011cc74b","USER_29","Player_29",266,3,3,0,False,"failed",1,"2026-03-17 23:04:26.657165","1","0.25","0.6","0.575"
"4c555bf4-16cc-44dd-977a-b180747d88e5","USER_47","Player_47",327,34,1,0,False,"failed",1,"2026-03-18 00:27:49.003375","0.9174311926605505","0.02857142857142857","0.2","0.29205766710353864"
"ce0f0e77-62d5-4e64-b0c6-36c7d7d38d7a","USER_50","Player_50",173,14,1,0,False,"failed",1,"2026-03-18 01:20:33.763725","1","0.06666666666666667","0.2","0.32"
"697a7645-15d3-48fe-a565-0a8887f79b71","USER_36","Player_36",177,3,1,0,False,"failed",1,"2026-03-18 02:06:48.11989","1","0.25","0.2","0.375"
"3bbdcd76-756a-4d72-8e74-ac111133954b","USER_46","Player_46",263,2,1,0,False,"failed",1,"2026-03-18 06:22:19.975033","1","0.3333333333333333","0.2","0.4"
"abeb066a-31a3-4939-87a9-c1838b8b98ff","USER_1","Player_1",105,2,4,0,False,"failed",1,"2026-03-18 07:44:48.113221","1","0.3333333333333333","0.8","0.7"
"3c5ebcfa-d41b-40a7-b658-c6ecd8fa4cd0","USER_5","Player_5",359,26,3,0,False,"failed",1,"2026-03-18 10:49:47.916405","0.4205","0.48","0.6","0.5002"
"1a9d8c6d-9d1d-46c6-8906-9d47982da446","USER_37","Player_37",112,1,1,0,False,"exit",1,"2026-03-18 11:20:48.142795","1","0.5","0.2","0.45"
"61fbc062-cb55-4871-8e4b-5209ae9e585d","USER_11","Player_11",406,31,1,0,False,"exit",1,"2026-03-18 13:22:40.095977","0.7389162561576355","0.03125","0.2","0.2571582512315271"
"42b4209a-3c48-4f07-8566-cc5993ac489d","USER_14","Player_14",463,11,4,0,False,"exit",1,"2026-03-18 13:34:49.954018","0.6479481641468683","0.08333333333333333","0.8","0.5545896328293737"
"11cda492-a730-4e33-ac32-e5e3d07149bf","USER_15","Player_15",194,20,5,1,True,"summit",1,"2026-03-18 14:35:57.916615","1","0.047619047619047616","1","0.7142857142857143"
"16019e54-303d-4b95-a15d-e51728ac0252","USER_18","Player_18",472,3,3,0,False,"failed",1,"2026-03-18 16:11:58.047822","0.635593220338983","0.25","0.6","0.5021186440677966"
"8aca5eb2-97c3-45d7-be97-1eb5f55e8284","USER_38","Player_38",193,6,4,0,False,"exit",1,"2026-03-18 17:09:56.994204","1","0.14285714285714285","0.8","0.6428571428571429"
"fdf6babe-ec6c-429b-a652-d847cba5253a","USER_22","Player_22",483,44,1,0,False,"failed",1,"2026-03-18 17:26:19.734868","0.6211180124223602","0.022222222222222223","0.2","0.23089026915113872"
"97e1667c-0ab5-4abe-9170-c4319129e384","USER_12","Player_12",163,15,3,0,False,"exit",1,"2026-03-18 18:48:56.578945","1","0.0625","0.6","0.51875"
"a82e50e0-8ac2-4b36-a89d-7f3058514276","USER_28","Player_28",145,1,1,0,False,"exit",1,"2026-03-18 18:50:21.106922","1","0.5","0.2","0.45"
"62a4e38e-b543-4946-b620-8efc716c3a91","USER_25","Player_25",259,3,3,0,False,"failed",1,"2026-03-18 19:13:27.534842","1","0.25","0.6","0.575"
"2ddf33b1-d2ba-4974-98b6-e8f338c6eb6f","USER_48","Player_48",286,2,3,0,False,"exit",1,"2026-03-19 00:06:02.714643","0.457","0.96","0.6","0.6723"
"90f4ffd1-c574-4723-bc7c-0c00a0b26cf8","USER_44","Player_44",146,5,4,0,False,"exit",1,"2026-03-19 01:17:18.681567","0.7027","0.9","0.8","0.8009"
"69809b71-0946-4ce1-8764-2f11163c0cb2","USER_6","Player_6",231,30,4,0,False,"failed",1,"2026-03-19 02:35:26.02802","1","0.03225806451612903","0.8","0.6096774193548387"
"f7c425c4-4c5e-420e-951d-3f20fcdf82a7","USER_13","Player_13",376,10,3,0,False,"failed",1,"2026-03-19 04:13:48.922554","0.7978723404255319","0.09090909090909091","0.6","0.48684719535783366"
"21d759c1-3a8a-4bbd-ba2c-b0ff4e1e0c07","USER_19","Player_19",408,20,5,1,True,"summit",1,"2026-03-19 05:46:59.77731","0.7352941176470589","0.047619047619047616","1","0.661344537815126"
"5947738b-bd35-498d-b81d-41522480a4b6","USER_42","Player_42",421,41,2,0,False,"failed",1,"2026-03-19 08:29:49.880932","0.7125890736342043","0.023809523809523808","0.4","0.349660671869698"
"17994988-078a-4e61-a8d5-76c00bcf34cf","USER_44","Player_44",303,1,2,0,False,"failed",1,"2026-03-19 08:33:17.343646","0.9900990099009901","0.5","0.4","0.5480198019801981"
"2dc3de99-eb49-4581-adb0-7ca2d8aaa2c0","USER_3","Player_3",228,26,4,0,False,"failed",1,"2026-03-19 08:39:00.784076","1","0.037037037037037035","0.8","0.6111111111111112"
"815a7452-3f32-4668-a6bd-ebe629660f40","USER_2","Player_2",433,13,4,0,False,"exit",1,"2026-03-19 08:59:49.362839","0.6928406466512702","0.07142857142857142","0.8","0.5599967007588255"
"1546202a-68c3-4ef0-bd39-00ca8703cc78","USER_29","Player_29",192,25,4,0,False,"exit",1,"2026-03-19 11:03:19.160827","1","0.038461538461538464","0.8","0.6115384615384616"
"ae49caee-1cd8-4d05-96d2-62b9088b1846","USER_30","Player_30",234,16,2,0,False,"exit",1,"2026-03-19 12:15:21.928261","1","0.058823529411764705","0.4","0.4176470588235294"
"c254ec2b-b528-45e9-ba30-0547843d7577","USER_50","Player_50",133,13,5,1,True,"summit",1,"2026-03-19 14:08:45.908766","1","0.07142857142857142","1","0.7214285714285714"
"add368de-4eba-4990-9cd6-88f52854a1cf","USER_35","Player_35",156,11,5,1,True,"summit",1,"2026-03-19 16:02:10.821919","1","0.08333333333333333","1","0.725"
"db64de0c-52e9-4be1-ad8c-d5ffae5b2992","USER_45","Player_45",259,44,1,0,False,"exit",1,"2026-03-19 16:33:49.182446","1","0.022222222222222223","0.2","0.30666666666666664"
"0d0e2f37-3551-4ea5-8ec0-7468ec231280","USER_17","Player_17",238,1,1,0,False,"exit",1,"2026-03-19 16:45:31.555036","1","0.5","0.2","0.45"
"11a99c32-efbb-42e2-935a-29ec757f314c","USER_19","Player_19",226,5,5,1,True,"summit",1,"2026-03-19 18:40:24.69144","1","0.16666666666666666","1","0.75"
"91ce8028-c033-4cac-8856-e20a55c9feb3","USER_2","Player_2",263,1,2,0,False,"failed",1,"2026-03-19 19:28:17.631496","1","0.5","0.4","0.55"
"b2acafbc-5ad8-4a5b-9a24-c8c567dae77b","USER_24","Player_24",128,9,4,0,False,"failed",1,"2026-03-19 20:13:59.684462","1","0.1","0.8","0.63"
"e37ccd73-6a83-4bf9-8db2-27aa45541316","USER_6","Player_6",475,7,5,1,True,"summit",1,"2026-03-19 20:50:17.734712","0.6042","0.86","1","0.8214"
"5cecfcbc-e923-4d63-9766-4d9fa58a9372","USER_6","Player_6",156,1,1,0,False,"failed",1,"2026-03-19 20:55:34.856341","1","0.5","0.2","0.45"
"76578dda-29f0-4ee5-9b99-291b52a599e5","USER_23","Player_23",257,17,2,0,False,"failed",1,"2026-03-19 23:16:56.042886","1","0.05555555555555555","0.4","0.4166666666666667"
"b3506826-ddf8-40b7-b9ca-07c57c33b46d","USER_42","Player_42",373,34,4,0,False,"exit",1,"2026-03-20 03:33:05.514778","0.8042895442359249","0.02857142857142857","0.8","0.5694293374186136"
"774677b9-882e-4e60-9267-43916ed04124","USER_26","Player_26",353,2,4,0,False,"failed",1,"2026-03-20 08:09:42.325129","0.8498583569405099","0.3333333333333333","0.8","0.669971671388102"
"0286f18b-5b6e-4d24-8e43-b6d8a1b70e79","USER_19","Player_19",163,1,3,0,False,"exit",1,"2026-03-20 14:55:34.950073","1","0.5","0.6","0.65"
"28af0947-8b9c-4464-a1d8-85b3035676a0","USER_36","Player_36",149,5,1,0,False,"exit",1,"2026-03-20 15:42:15.747911","1","0.16666666666666666","0.2","0.35"
"8da5a759-41ae-4fb2-a195-b693ca9febcf","USER_49","Player_49",274,2,5,1,True,"summit",1,"2026-03-20 16:03:17.851076","1","0.3333333333333333","1","0.8"
"7a500c0b-7fbd-416c-9097-204f8ecd91e9","USER_47","Player_47",173,17,2,0,False,"exit",1,"2026-03-20 16:09:53.912197","0.3423","0.66","0.4","0.4674"
"971a0183-6d41-4e76-adce-e260507e4e17","USER_30","Player_30",189,39,3,0,False,"failed",1,"2026-03-20 17:52:59.406637","0.5055","0.22","0.6","0.4418"
"ce115296-b22c-40ac-8a3d-91b94fed66e7","USER_25","Player_25",406,51,5,1,True,"summit",1,"2026-03-20 18:27:25.396969","0.7389162561576355","0.019230769230769232","1","0.6535524820007579"
"b5492a74-5df8-4053-885a-3229a2b2a93c","USER_11","Player_11",457,34,1,0,False,"failed",1,"2026-03-20 18:28:20.53035","0.6564551422319475","0.02857142857142857","0.2","0.23986245701781808"
"a84d98ab-7992-4182-a8c7-4721fbeae714","USER_44","Player_44",449,16,5,1,True,"summit",1,"2026-03-20 19:43:07.171406","0.6681514476614699","0.058823529411764705","1","0.6512773483558234"
"4c81c1f5-ea36-4577-9203-89802a561f9b","USER_9","Player_9",129,19,3,0,False,"exit",1,"2026-03-20 20:36:12.167965","1","0.05","0.6","0.515"
"04d40b22-7eb6-43da-9326-98cadc9a4e50","USER_14","Player_14",544,8,2,0,False,"exit",1,"2026-03-20 21:12:57.543301","0.2187","0.84","0.4","0.4862"
"72d33a76-c829-49e4-b0c5-39aeed188a21","USER_16","Player_16",405,13,4,0,False,"exit",1,"2026-03-21 00:12:24.004489","0.7407407407407407","0.07142857142857142","0.8","0.5695767195767196"
"19afe880-aa32-4981-86df-3b9d8e479ba9","USER_26","Player_26",367,2,2,0,False,"exit",1,"2026-03-21 01:02:43.970245","0.8174386920980926","0.3333333333333333","0.4","0.46348773841961854"
"c3534a8a-7d4b-4a80-9722-5534bd2bc7f1","USER_29","Player_29",392,31,4,0,False,"exit",1,"2026-03-21 01:16:41.212773","0.7653061224489796","0.03125","0.8","0.5624362244897959"
"818c212a-9b23-4b79-adcd-1d1516f928da","USER_18","Player_18",265,17,1,0,False,"failed",1,"2026-03-21 05:53:49.989387","1","0.05555555555555555","0.2","0.31666666666666665"
"98eab942-a73c-4923-9710-338e4ba5b420","USER_32","Player_32",345,12,2,0,False,"exit",1,"2026-03-21 07:19:40.434508","0.8695652173913043","0.07692307692307693","0.4","0.3969899665551839"
"5aaaf372-93e9-4929-9884-d5a0d22cfdc1","USER_32","Player_32",413,79,3,0,False,"failed",1,"2026-03-21 10:14:34.70689","0.7263922518159807","0.0125","0.6","0.4490284503631961"
"71cbf8a1-fa05-430d-86c0-1fa5cac9c4f9","USER_43","Player_43",211,29,3,0,False,"exit",1,"2026-03-21 11:48:57.267432","1","0.03333333333333333","0.6","0.51"
"0e2dff9f-99fb-4e30-ac46-fe8cbed7b871","USER_12","Player_12",154,1,5,1,True,"summit",1,"2026-03-21 13:27:18.631808","1","0.5","1","0.85"
"27dbbf76-2a48-4d49-8535-5db9917aa358","USER_45","Player_45",190,32,5,1,True,"summit",1,"2026-03-21 16:16:23.108426","1","0.030303030303030304","1","0.7090909090909091"
"6a7471da-3e39-489c-8b32-69fa0c69a2bc","USER_22","Player_22",459,64,2,0,False,"failed",1,"2026-03-21 17:08:46.318266","0.6535947712418301","0.015384615384615385","0.4","0.33533433886375064"
"8b22d497-ffa0-46dc-8e87-ebe42adef795","USER_23","Player_23",214,0,1,0,False,"exit",1,"2026-03-21 18:20:50.067344","0.1643","1","0.2","0.4548"
"9f7ec01c-001a-4754-9ef9-f595146dc799","USER_16","Player_16",191,25,5,1,True,"summit",1,"2026-03-21 19:28:55.329856","1","0.038461538461538464","1","0.7115384615384616"
"04c6373e-1298-4da6-979a-07dc656636c6","USER_10","Player_10",262,11,1,0,False,"exit",1,"2026-03-21 19:46:48.685189","0.1563","0.78","0.2","0.3788"
"708a0299-ae95-470f-9c81-76cbea5a8789","USER_7","Player_7",180,39,2,0,False,"exit",1,"2026-03-21 23:33:42.478229","1","0.025","0.4","0.4075"
"3a89c296-b9af-4617-b46b-27b32bae37e4","USER_38","Player_38",262,1,5,1,True,"summit",1,"2026-03-22 01:14:44.43291","1","0.5","1","0.85"
"e1ca5cc2-159c-47f5-93e7-c7fab4ac49bd","USER_6","Player_6",453,44,5,1,True,"summit",1,"2026-03-22 03:36:32.328793","0.6622516556291391","0.022222222222222223","1","0.6391169977924945"
"ceb221a1-7eab-444a-b4a1-ea9eefd99bd9","USER_34","Player_34",382,3,1,0,False,"failed",1,"2026-03-22 03:39:10.463817","0.7853403141361257","0.25","0.2","0.3320680628272251"
"1899aff1-eb18-4590-9429-33f555a6e31b","USER_50","Player_50",388,4,4,0,False,"failed",1,"2026-03-22 03:53:37.807956","0.7731958762886598","0.2","0.8","0.6146391752577319"
"c893ac88-6553-41f4-bfd3-90a054c10b3f","USER_38","Player_38",475,1,4,0,False,"exit",1,"2026-03-22 04:15:43.857984","0.4833","0.98","0.8","0.7544"
"fc75e658-6c72-498f-973d-e8a36f48f3d9","USER_26","Player_26",741,12,3,0,False,"exit",1,"2026-03-22 07:54:08.298788","0.2295","0.76","0.6","0.5298"
"106f9978-ba72-42ec-a8f3-9a00a0ce0aca","USER_13","Player_13",439,42,5,1,True,"summit",1,"2026-03-22 07:58:52.304848","0.683371298405467","0.023255813953488372","1","0.6436510038671399"
"28bd4c60-91ce-4042-a56c-1e626a01dd91","USER_36","Player_36",174,14,5,1,True,"summit",1,"2026-03-22 09:39:33.896904","1","0.06666666666666667","1","0.72"
"0565b72e-1abf-4f9c-b669-38ccda4452dd","USER_26","Player_26",286,1,5,1,True,"summit",1,"2026-03-22 09:42:48.930817","1","0.5","1","0.85"
"33eaa74e-242b-43a7-bfee-6bd1166d8e32","USER_42","Player_42",797,9,2,0,False,"exit",1,"2026-03-22 10:18:56.325259","0.1343","0.82","0.4","0.4514"
"c4821a61-0a52-4816-8f98-fd379bb59db9","USER_45","Player_45",391,11,5,1,True,"summit",1,"2026-03-22 11:39:54.561171","0.6742","0.78","1","0.8181"
"f08afde9-a7c3-4f29-9fee-9a825b668a4f","USER_15","Player_15",204,43,3,0,False,"exit",1,"2026-03-22 12:08:55.80969","1","0.022727272727272728","0.6","0.5068181818181818"
"ad0ec782-90fe-4530-96ba-a2c043958b73","USER_24","Player_24",194,9,2,0,False,"failed",1,"2026-03-22 12:23:13.386705","1","0.1","0.4","0.43"
"299116cf-d1a9-46f8-a93a-01529fcb3d1a","USER_11","Player_11",277,25,2,0,False,"exit",1,"2026-03-22 12:30:30.739558","1","0.038461538461538464","0.4","0.4115384615384615"
"7cca2c45-f2b0-4657-a550-cd6c70cfc4f0","USER_42","Player_42",157,12,2,0,False,"exit",1,"2026-03-22 13:33:46.978342","1","0.07692307692307693","0.4","0.4230769230769231"
"f0981a32-67ff-4925-bdbd-4c54e548b2c4","USER_39","Player_39",129,1,4,0,False,"failed",1,"2026-03-22 17:21:22.948173","1","0.5","0.8","0.75"
"786ec94d-a254-432f-b0e0-b3f9454d0917","USER_7","Player_7",164,8,4,0,False,"exit",1,"2026-03-22 17:32:44.602326","1","0.1111111111111111","0.8","0.6333333333333333"
"f0c5e6f9-6053-494a-8669-707dde1d9f80","USER_27","Player_27",230,42,5,1,True,"summit",1,"2026-03-22 18:55:41.194501","1","0.023255813953488372","1","0.7069767441860465"
"cea8ecb2-4df1-4b57-8ca0-7d370b358fec","USER_38","Player_38",488,73,5,1,True,"summit",1,"2026-03-22 20:24:14.890852","0.6147540983606558","0.013513513513513514","1","0.6270048737261852"
"9222c83c-cabd-45b8-b791-b59a36165898","USER_34","Player_34",268,44,2,0,False,"failed",1,"2026-03-23 01:17:35.379667","1","0.022222222222222223","0.4","0.4066666666666667"
"99584b54-1608-463a-8e82-f19751efc923","USER_21","Player_21",393,12,5,1,True,"summit",1,"2026-03-23 01:58:18.939173","0.7633587786259542","0.07692307692307693","1","0.6757486788021139"
"6b0a2f45-2b77-4def-9978-7f8e9865f87c","USER_40","Player_40",424,70,5,1,True,"summit",1,"2026-03-23 03:03:45.86578","0.7075471698113207","0.014084507042253521","1","0.6457347860749402"
"5151c118-3662-4d4c-912a-ee9b89e895c6","USER_7","Player_7",136,11,1,0,False,"failed",1,"2026-03-23 06:50:36.134652","1","0.08333333333333333","0.2","0.325"
"595c47b0-9e56-4281-a492-e29b26e18a28","USER_48","Player_48",103,10,1,0,False,"failed",1,"2026-03-23 10:43:02.212989","1","0.09090909090909091","0.2","0.32727272727272727"
"0cdbc56a-6a0d-4077-8635-3338d97a6c61","USER_5","Player_5",470,36,4,0,False,"exit",1,"2026-03-23 12:17:20.415432","0.6382978723404256","0.02702702702702703","0.8","0.5357676825761932"
"1e369a97-45a9-4d4c-a215-44841e67b842","USER_3","Player_3",394,29,4,0,False,"failed",1,"2026-03-23 14:14:26.820652","0.7614213197969543","0.03333333333333333","0.8","0.5622842639593909"
"b2a178a4-a286-47a0-bbeb-85d10cf1bd11","USER_41","Player_41",519,42,5,1,True,"summit",1,"2026-03-23 14:44:52.267265","0.5675","0.16","1","0.5758"
"49ff33c1-5893-45cb-bb2a-3de6b4ea6d81","USER_9","Player_9",179,5,5,1,True,"summit",1,"2026-03-23 14:56:11.103225","1","0.16666666666666666","1","0.75"
"527910c1-b1af-4227-9aff-b445cb35dea6","USER_45","Player_45",410,74,4,0,False,"failed",1,"2026-03-23 15:48:27.286617","0.7317073170731707","0.013333333333333334","0.8","0.5503414634146342"
"abd38849-dbb8-46b0-96b6-879501333833","USER_49","Player_49",235,1,5,1,True,"summit",1,"2026-03-23 19:28:47.256085","1","0.5","1","0.85"
"2614f68b-8bf9-4055-8c2d-43d49baadd35","USER_42","Player_42",546,7,4,0,False,"exit",1,"2026-03-23 20:37:56.509829","0.436","0.86","0.8","0.6987"
"7cab5ce8-ecf8-42bc-8cea-8ce8d128ed47","USER_42","Player_42",495,33,4,0,False,"failed",1,"2026-03-23 22:47:38.323593","0.6060606060606061","0.029411764705882353","0.8","0.5300356506238859"
"41d2f800-3522-480e-91f4-0daeaee14d2a","USER_17","Player_17",235,1,4,0,False,"exit",1,"2026-03-24 03:46:54.099855","1","0.5","0.8","0.75"
"d6d73826-504a-4006-b598-d5fc7ebd640f","USER_37","Player_37",358,19,3,0,False,"failed",1,"2026-03-24 04:13:15.155007","0.8379888268156425","0.05","0.6","0.4825977653631285"
"1d10b6d0-2749-4b6e-8fb4-5c3969b2b5fd","USER_3","Player_3",372,2,5,1,True,"summit",1,"2026-03-24 04:20:17.331493","0.8064516129032258","0.3333333333333333","1","0.7612903225806451"
"c64b318e-d955-493f-9817-86e4acac45a0","USER_49","Player_49",286,4,2,0,False,"failed",1,"2026-03-24 04:53:25.211842","1","0.2","0.4","0.46"
"d315364f-1eeb-4f5a-8263-5ab454db4846","USER_2","Player_2",445,1,5,1,True,"summit",1,"2026-03-24 05:35:58.156585","0.6741573033707865","0.5","1","0.7848314606741573"
"7c4249e9-6388-49aa-8ce1-084244ee228a","USER_18","Player_18",195,4,5,1,True,"summit",1,"2026-03-24 05:57:19.464268","1","0.2","1","0.76"
"6ab62a00-d85f-47cb-8b94-71df6d01134b","USER_35","Player_35",278,4,2,0,False,"failed",1,"2026-03-24 06:25:19.397738","1","0.2","0.4","0.46"
"b6b27af1-9e75-49ea-b7a7-4d2a9c1d94e4","USER_36","Player_36",436,2,4,0,False,"exit",1,"2026-03-24 06:52:52.584804","0.5093","0.96","0.8","0.7564"
"e4d74770-1d25-40bc-8c65-8860e1ded5ce","USER_35","Player_35",180,30,2,0,False,"exit",1,"2026-03-24 11:07:07.498126","1","0.03225806451612903","0.4","0.4096774193548387"
"93b898ee-b526-4cc0-8d25-4d6ab9d8788b","USER_40","Player_40",415,1,1,0,False,"failed",1,"2026-03-24 11:33:15.471113","0.7228915662650602","0.5","0.2","0.39457831325301207"
"848b24d2-8383-41aa-a31b-559f34303015","USER_8","Player_8",503,10,3,0,False,"exit",1,"2026-03-24 11:33:49.922537","0.3485","0.8","0.6","0.5828"
"9337bbca-4dc8-47bd-8ae4-e1f47e14d1ba","USER_10","Player_10",279,6,4,0,False,"failed",1,"2026-03-24 15:27:58.705152","1","0.14285714285714285","0.8","0.6428571428571429"
"166b2024-5762-4c49-8632-1ac27dd64119","USER_31","Player_31",462,27,1,0,False,"exit",1,"2026-03-24 16:19:49.785347","0.6493506493506493","0.03571428571428571","0.2","0.2405844155844156"
"69fadc67-db46-4edb-8d74-940a2d734943","USER_15","Player_15",362,18,4,0,False,"failed",1,"2026-03-24 23:57:33.348072","0.8287292817679558","0.05263157894736842","0.8","0.5815353300378017"
"7598c264-8a52-45ac-a0f1-b028b2c93329","USER_41","Player_41",487,30,4,0,False,"exit",1,"2026-03-25 00:27:48.547651","0.6160164271047228","0.03225806451612903","0.8","0.5328807047757833"
"fe0f2258-ea43-4469-bc89-bc75db822f23","USER_25","Player_25",212,26,2,0,False,"failed",1,"2026-03-25 00:52:23.281321","1","0.037037037037037035","0.4","0.4111111111111111"
"df9644a1-3135-4f7d-8666-5cf0edd0d922","USER_16","Player_16",336,6,3,0,False,"exit",1,"2026-03-25 03:54:45.418307","0.8928571428571429","0.14285714285714285","0.6","0.5214285714285715"
"76c85026-d289-4c90-8867-419d36947e5a","USER_26","Player_26",399,1,1,0,False,"failed",1,"2026-03-25 04:23:03.428436","0.7518796992481203","0.5","0.2","0.40037593984962405"
"842be43a-01ac-450d-b410-9463c8f8ce06","USER_18","Player_18",143,16,3,0,False,"exit",1,"2026-03-25 04:28:20.948817","1","0.058823529411764705","0.6","0.5176470588235295"
"b37c05ff-a059-49ea-9f31-66b07349e685","USER_28","Player_28",121,12,3,0,False,"exit",1,"2026-03-25 05:18:52.922675","1","0.07692307692307693","0.6","0.5230769230769231"
"6ab8fc91-2f66-4ed7-a0a0-490958344d57","USER_3","Player_3",380,4,3,0,False,"failed",1,"2026-03-25 06:09:11.420152","0.7894736842105263","0.2","0.6","0.5178947368421053"
"637cc84b-61f6-4bbd-a8e1-d6fbce467807","USER_43","Player_43",139,9,3,0,False,"exit",1,"2026-03-25 08:23:44.390073","1","0.1","0.6","0.53"
"e443f457-b64a-4fd1-aecf-0fbb6ef2de9d","USER_49","Player_49",183,29,4,0,False,"exit",1,"2026-03-25 09:42:11.610221","1","0.03333333333333333","0.8","0.61"
"7f4b8386-d8ae-443e-a390-88b23fc12e38","USER_38","Player_38",829,24,2,0,False,"exit",1,"2026-03-25 09:50:34.332428","0.1237","0.52","0.4","0.3479"
"17e27234-4c01-4257-ad23-e47b5973b3a4","USER_26","Player_26",246,6,2,0,False,"exit",1,"2026-03-25 10:55:43.872376","1","0.14285714285714285","0.4","0.44285714285714284"
"1286eeac-bed6-42b0-9241-f0021c221f74","USER_20","Player_20",408,31,2,0,False,"failed",1,"2026-03-25 10:56:11.73817","0.7352941176470589","0.03125","0.4","0.3564338235294118"
"e6977ed3-475a-4fbb-ab1d-77051f689600","USER_37","Player_37",187,14,1,0,False,"exit",1,"2026-03-25 13:08:40.280619","1","0.06666666666666667","0.2","0.32"
"34e55b95-da11-45ba-a0be-53d959aedf35","USER_23","Player_23",415,6,3,0,False,"failed",1,"2026-03-25 13:48:40.061135","0.7228915662650602","0.14285714285714285","0.6","0.48743545611015493"
"1940032b-f29e-408d-8d44-a9714f468299","USER_27","Player_27",128,2,3,0,False,"exit",1,"2026-03-25 13:49:01.530547","1","0.3333333333333333","0.6","0.6"
"a2272aff-247d-4506-aaa8-95d5149ec875","USER_19","Player_19",297,3,5,1,True,"summit",1,"2026-03-25 14:46:36.763318","1","0.25","1","0.775"
"2c5ae144-d64f-4940-8834-7d6f398f8f83","USER_20","Player_20",362,39,2,0,False,"failed",1,"2026-03-25 15:17:54.778118","0.8287292817679558","0.025","0.4","0.37324585635359114"
"fd1b0d49-49aa-4697-aaba-a9b338d22134","USER_27","Player_27",417,51,4,0,False,"failed",1,"2026-03-25 19:20:12.612587","0.7194244604316546","0.019230769230769232","0.8","0.5496541228555617"
"564d5ff0-7b71-44d5-9352-a071a3e5ed28","USER_30","Player_30",264,10,3,0,False,"failed",1,"2026-03-25 21:47:52.89047","1","0.09090909090909091","0.6","0.5272727272727272"
"df457997-4f1c-4235-bdb4-f357ee1ad67a","USER_9","Player_9",105,2,2,0,False,"failed",1,"2026-03-25 22:18:01.214487","1","0.3333333333333333","0.4","0.5"
"394e6320-4a3c-4f47-a4a5-1a5306fb084b","USER_5","Player_5",320,11,5,1,True,"summit",1,"2026-03-26 01:15:37.087103","0.9375","0.08333333333333333","1","0.7125"
"653f9a0d-5f31-413e-953b-e73591d015c6","USER_47","Player_47",408,73,4,0,False,"failed",1,"2026-03-26 01:48:33.900107","0.7352941176470589","0.013513513513513514","0.8","0.5511128775834658"
"2c11260f-d7ff-4e9b-8f96-c070041fdab5","USER_4","Player_4",109,16,1,0,False,"exit",1,"2026-03-26 02:34:31.565568","1","0.058823529411764705","0.2","0.3176470588235294"
"f0c3bcfc-08c0-4832-862b-a9c1c243d3bf","USER_13","Player_13",251,39,5,1,True,"summit",1,"2026-03-26 02:51:33.509757","1","0.025","1","0.7075"
"ca764dba-f501-4c06-b21a-28577b06281c","USER_5","Player_5",336,16,5,1,True,"summit",1,"2026-03-26 03:10:41.335334","0.72","0.68","1","0.8"
"27356741-604b-4ae2-96f4-8afc41ba6973","USER_9","Player_9",316,12,4,0,False,"failed",1,"2026-03-26 03:19:52.952927","0.9493670886075949","0.07692307692307693","0.8","0.612950340798442"
"3641db4b-7906-46de-b71f-5e23112a29ca","USER_4","Player_4",348,0,4,0,False,"exit",1,"2026-03-26 05:55:25.850871","0.568","1","0.8","0.7893"
"510be723-2551-4776-8567-7c00c97557de","USER_21","Player_21",353,41,5,1,True,"summit",1,"2026-03-26 07:08:39.40788","0.8498583569405099","0.023809523809523808","1","0.6771145285309591"
"8b6a0016-9299-4bc5-a708-b78ed8e4db9c","USER_46","Player_46",249,5,2,0,False,"exit",1,"2026-03-26 07:18:10.095549","1","0.16666666666666666","0.4","0.45"
"4b25297e-2445-44e3-abd3-a4d47950a3b1","USER_5","Player_5",330,17,5,1,True,"summit",1,"2026-03-26 07:47:17.134412","0.725","0.66","1","0.795"
"753f5e0d-0cdf-42cb-9a0e-81ea8b28b888","USER_13","Player_13",424,27,3,0,False,"exit",1,"2026-03-26 08:02:37.660875","0.7075471698113207","0.03571428571428571","0.6","0.45222371967654984"
"ba09648a-6eb5-48c1-bcbb-91183edc0d34","USER_34","Player_34",645,4,5,1,True,"summit",1,"2026-03-26 08:36:33.969318","0.4625","0.92","1","0.7942"
"647a157f-84e4-4837-be6f-4b4e25ac227e","USER_5","Player_5",179,1,2,0,False,"failed",1,"2026-03-26 08:39:40.306876","1","0.5","0.4","0.55"
"5cd25547-73e9-45b1-9f87-47d04a1a3d71","USER_34","Player_34",559,49,2,0,False,"failed",1,"2026-03-26 08:45:47.770328","0.2137","0.02","0.4","0.2112"
"452c40f8-1b2c-46f0-ac4f-28831a19ddd0","USER_19","Player_19",495,3,4,0,False,"failed",1,"2026-03-26 10:03:16.355381","0.6060606060606061","0.25","0.8","0.5962121212121212"
"9088bf85-b982-4cb7-9dfe-b4ea7a48e9b3","USER_37","Player_37",603,13,2,0,False,"exit",1,"2026-03-26 10:04:14.275309","0.199","0.74","0.4","0.4463"
"b895292f-6658-4261-89ae-58639cc2a580","USER_13","Player_13",263,22,1,0,False,"failed",1,"2026-03-26 10:54:21.427893","1","0.043478260869565216","0.2","0.3130434782608696"
"3f81c506-189f-489e-96ea-113c3a96b128","USER_6","Player_6",199,13,5,1,True,"summit",1,"2026-03-26 13:23:58.11034","1","0.07142857142857142","1","0.7214285714285714"
"479918e1-183d-483b-be04-116c28094cb4","USER_16","Player_16",478,34,2,0,False,"exit",1,"2026-03-26 13:35:16.016732","0.6276150627615062","0.02857142857142857","0.4","0.3340944411237298"
"ca9a7434-a1dc-4124-90f6-3bcf1362f281","USER_7","Player_7",133,18,4,0,False,"failed",1,"2026-03-26 13:51:37.20384","1","0.05263157894736842","0.8","0.6157894736842106"
"e28e04f7-740e-4c4a-9843-2a38745b7b6a","USER_49","Player_49",294,31,3,0,False,"failed",1,"2026-03-26 15:29:20.755896","0.453","0.38","0.6","0.4777"
"854ac968-75d4-42c0-948d-a4bb810390d9","USER_39","Player_39",358,37,1,0,False,"failed",1,"2026-03-26 15:32:49.66122","0.8379888268156425","0.02631578947368421","0.2","0.27549250220523375"
"aff75a3b-d43b-453e-8629-049af9704ce3","USER_3","Player_3",181,14,3,0,False,"failed",1,"2026-03-26 19:19:37.156396","1","0.06666666666666667","0.6","0.52"
"bebfdb31-5edb-445d-8ed0-0aec15b00376","USER_32","Player_32",371,24,3,0,False,"exit",1,"2026-03-26 19:51:38.0633","0.4145","0.52","0.6","0.5115"
"0ad0cb8f-aaa6-4a37-819d-0fabeacf4a81","USER_37","Player_37",332,41,1,0,False,"failed",1,"2026-03-26 20:38:23.720317","0.9036144578313253","0.023809523809523808","0.2","0.2878657487091222"
"320e8f60-fc0a-4abe-bd5f-45a1f9bad0c0","USER_2","Player_2",182,41,4,0,False,"exit",1,"2026-03-26 20:47:16.42526","1","0.023809523809523808","0.8","0.6071428571428571"
"c53ccb08-78c1-4067-8f42-b079c57fa534","USER_34","Player_34",255,36,1,0,False,"exit",1,"2026-03-26 23:31:49.320985","1","0.02702702702702703","0.2","0.3081081081081081"
"1413fa91-add3-4c7d-9467-113b91fbaec0","USER_46","Player_46",152,14,1,0,False,"failed",1,"2026-03-27 00:01:06.678549","1","0.06666666666666667","0.2","0.32"
"1682489d-7904-4458-9ab4-8035243a25bc","USER_48","Player_48",214,1,1,0,False,"exit",1,"2026-03-27 00:17:12.484005","1","0.5","0.2","0.45"
"bf7dc7f0-7007-4c8c-9044-0f086a851ccc","USER_13","Player_13",124,1,3,0,False,"failed",1,"2026-03-27 01:04:49.061921","1","0.5","0.6","0.65"
"f79f6d84-7d35-4d79-a2d9-0214f78bbcec","USER_5","Player_5",249,17,2,0,False,"failed",1,"2026-03-27 01:55:46.499556","1","0.05555555555555555","0.4","0.4166666666666667"
"6cdd15bd-fc07-4e2e-8d58-65addae164cf","USER_48","Player_48",310,24,2,0,False,"failed",1,"2026-03-27 02:08:44.785887","0.967741935483871","0.04","0.4","0.4055483870967742"
"823983e7-9233-4ba9-a039-2cd8b87f6f25","USER_33","Player_33",260,0,2,0,False,"exit",1,"2026-03-27 02:30:26.604854","0.3133","1","0.4","0.5711"
"fd99c073-5327-4ca6-8fa9-0d6846c0dad2","USER_10","Player_10",260,8,5,1,True,"summit",1,"2026-03-27 03:56:22.404958","1","0.1111111111111111","1","0.7333333333333333"
"6b237765-8c4e-40a1-8274-069ce5818617","USER_15","Player_15",206,16,1,0,False,"failed",1,"2026-03-27 03:57:44.508485","1","0.058823529411764705","0.2","0.3176470588235294"
"b4d8d253-66c5-4f1e-933c-aa20706a2951","USER_26","Player_26",296,36,2,0,False,"failed",1,"2026-03-27 04:33:16.102606","1","0.02702702702702703","0.4","0.4081081081081081"
"5d93a989-d20f-499f-af70-9c61878f4172","USER_2","Player_2",191,1,3,0,False,"exit",1,"2026-03-27 08:44:11.552802","1","0.5","0.6","0.65"
"fc557e0c-96cb-4aab-8716-9d54d2cef089","USER_1","Player_1",422,1,2,0,False,"exit",1,"2026-03-27 09:45:10.558596","0.7109004739336493","0.5","0.4","0.49218009478672986"
"f799d38c-bacf-4ed4-8599-7d7e046638f8","USER_9","Player_9",184,10,4,0,False,"exit",1,"2026-03-27 11:43:16.323652","1","0.09090909090909091","0.8","0.6272727272727273"
"122cd478-ff6f-4fca-8260-fee449becd86","USER_32","Player_32",305,22,3,0,False,"failed",1,"2026-03-27 12:04:15.197201","0.9836065573770492","0.043478260869565216","0.6","0.5097647897362794"
"2eb015be-9157-4a14-bf00-b0d953a0f7d6","USER_8","Player_8",476,15,5,1,True,"summit",1,"2026-03-27 12:23:37.025426","0.6302521008403361","0.0625","1","0.6448004201680673"
"cd4ccb05-206b-4e7e-9269-0cf2118f6669","USER_23","Player_23",847,23,2,0,False,"exit",1,"2026-03-27 12:32:31.644964","0.1177","0.54","0.4","0.3526"
"7437c661-6322-4c73-ad5c-c6f979640793","USER_45","Player_45",637,17,4,0,False,"exit",1,"2026-03-27 14:01:11.229345","0.3753","0.66","0.8","0.6118"
"f0d66709-5251-4c4a-bdfa-199e64ce78ea","USER_36","Player_36",603,6,3,0,False,"exit",1,"2026-03-27 14:44:56.452225","0.2985","0.88","0.6","0.5928"
"840156f1-43c2-481c-aeb0-1301776ac44e","USER_3","Player_3",379,19,4,0,False,"failed",1,"2026-03-27 14:48:16.199997","0.7915567282321899","0.05","0.8","0.573311345646438"
"2d8bf7be-63ac-409f-a041-7fad0ce1c05f","USER_4","Player_4",722,19,4,0,False,"exit",1,"2026-03-27 15:42:12.571182","0.3187","0.62","0.8","0.5796"
"e7a0e4fc-056c-47ab-b061-bce7779c9be6","USER_30","Player_30",120,2,5,1,True,"summit",1,"2026-03-27 19:41:13.160835","1","0.3333333333333333","1","0.8"
"91ccca69-0140-4e25-8f43-dd28c9f99cfc","USER_33","Player_33",486,21,2,0,False,"failed",1,"2026-03-27 23:15:08.310285","0.6172839506172839","0.045454545454545456","0.4","0.3370931537598204"
"bbccec40-11ad-4f0b-ab84-777a8c477bc7","USER_4","Player_4",133,1,3,0,False,"exit",1,"2026-03-28 00:20:47.19702","1","0.5","0.6","0.65"
"091e5714-b94c-404d-a49f-ade89401eb6b","USER_3","Player_3",441,8,2,0,False,"exit",1,"2026-03-28 03:34:00.683109","0.6802721088435374","0.1111111111111111","0.4","0.3693877551020408"
"9ae4490b-9c9f-483a-ac42-ef5517a80379","USER_2","Player_2",320,3,5,1,True,"summit",1,"2026-03-28 04:29:29.46266","0.9375","0.25","1","0.7625"
"5e85e0b9-6df0-412c-8bb0-8f6c373512ff","USER_45","Player_45",177,15,3,0,False,"exit",1,"2026-03-28 05:15:00.6059","1","0.0625","0.6","0.51875"
"82a9902a-5d9f-401d-b310-edbd54c7bd94","USER_42","Player_42",245,26,2,0,False,"failed",1,"2026-03-28 07:39:51.483778","1","0.037037037037037035","0.4","0.4111111111111111"
"2ae7d497-5259-466f-9677-d2d892a713f4","USER_46","Player_46",407,11,2,0,False,"failed",1,"2026-03-28 08:17:07.889679","0.7371007371007371","0.08333333333333333","0.4","0.3724201474201474"
"add7d7ac-5d3f-4a77-812b-3b9999d2fff7","USER_28","Player_28",162,1,1,0,False,"exit",1,"2026-03-28 09:28:03.227063","1","0.5","0.2","0.45"
"3c150f34-c74f-49a1-9c5b-75c1bfc5ff1f","USER_22","Player_22",490,8,3,0,False,"exit",1,"2026-03-28 10:24:11.781304","0.6122448979591837","0.1111111111111111","0.6","0.4557823129251701"
"c3c86a29-efe4-480b-897e-930ad6796def","USER_26","Player_26",261,40,5,1,True,"summit",1,"2026-03-28 15:18:26.691315","1","0.024390243902439025","1","0.7073170731707317"
"41a739ef-e8b0-414c-b6e8-023a3ed5da03","USER_1","Player_1",457,77,3,0,False,"failed",1,"2026-03-28 15:44:43.825162","0.6564551422319475","0.01282051282051282","0.6","0.43513718229254333"
"9de2861b-b941-4cda-a475-b5860446b5a0","USER_22","Player_22",498,35,4,0,False,"failed",1,"2026-03-28 20:00:42.983343","0.6024096385542169","0.027777777777777776","0.8","0.5288152610441768"
"87d2c3f2-4638-49ce-a648-d86d98554d04","USER_30","Player_30",390,10,5,1,True,"summit",1,"2026-03-28 22:03:34.885135","0.7692307692307693","0.09090909090909091","1","0.6811188811188811"
"19823562-3714-4e87-9b02-7e36c23c4dc2","USER_50","Player_50",244,3,1,0,False,"exit",1,"2026-03-29 08:18:41.42349","1","0.25","0.2","0.375"
"090db233-0465-404a-a98b-482992f8cbca","USER_1","Player_1",459,20,3,0,False,"failed",1,"2026-03-29 08:31:02.895069","0.6535947712418301","0.047619047619047616","0.6","0.44500466853408027"
"1e32ba4a-05f0-4b33-89d3-acc2ac934ef0","USER_41","Player_41",480,76,1,0,False,"exit",1,"2026-03-29 08:58:49.25482","0.625","0.012987012987012988","0.2","0.2288961038961039"
"a06e17b7-647e-4294-8102-90c66ccbdcb9","USER_50","Player_50",574,1,4,0,False,"exit",1,"2026-03-29 09:15:44.081321","0.4173","0.98","0.8","0.7324"
"22ff8fcc-2d49-4924-b94a-659a0a1a1235","USER_28","Player_28",483,80,4,0,False,"failed",1,"2026-03-29 10:12:46.40704","0.6211180124223602","0.012345679012345678","0.8","0.5279273061881757"
"383cf978-b870-4147-b383-c19c034d10a7","USER_42","Player_42",224,22,4,0,False,"exit",1,"2026-03-29 10:30:23.730132","1","0.043478260869565216","0.8","0.6130434782608696"
"604de8f1-4dd9-49c4-9820-d2911c5d73ec","USER_49","Player_49",232,3,4,0,False,"exit",1,"2026-03-29 11:56:04.189922","1","0.25","0.8","0.675"
"e73653fc-656e-4433-b14a-6acbfcb18bc0","USER_45","Player_45",316,2,2,0,False,"failed",1,"2026-03-29 12:29:33.394644","0.9493670886075949","0.3333333333333333","0.4","0.489873417721519"
"2ddcb810-9dba-45aa-9444-f442b164ce48","USER_5","Player_5",308,5,4,0,False,"exit",1,"2026-03-29 14:20:57.626508","0.974025974025974","0.16666666666666666","0.8","0.6448051948051948"
"59c6f8cf-7519-479c-bddc-8f9092e0adab","USER_38","Player_38",322,18,1,0,False,"failed",1,"2026-03-29 14:46:04.414304","0.9316770186335404","0.05263157894736842","0.2","0.3021248774109186"
"b76220b2-c76e-4c12-b585-0b517bab2753","USER_35","Player_35",442,32,4,0,False,"exit",1,"2026-03-29 17:30:20.200666","0.6787330316742082","0.030303030303030304","0.8","0.5448375154257508"
"06b0571e-b705-430f-abd1-88158fc32cc3","USER_6","Player_6",287,11,2,0,False,"exit",1,"2026-03-29 18:35:34.790419","1","0.08333333333333333","0.4","0.425"
"04fc0ccb-e48f-4186-b5d9-fcdac3939135","USER_36","Player_36",164,24,5,1,True,"summit",1,"2026-03-29 21:09:04.383565","0.8633","0.52","1","0.7944"
"749c26a1-f76e-47f6-9be0-cc81c64987fd","USER_14","Player_14",325,42,3,0,False,"failed",1,"2026-03-29 23:06:33.609896","0.9230769230769231","0.023255813953488372","0.6","0.4915921288014311"
"4bd5df02-741f-45c5-ac62-74e374261acc","USER_10","Player_10",184,27,4,0,False,"failed",1,"2026-03-29 23:07:51.51849","1","0.03571428571428571","0.8","0.6107142857142858"
"d7a6e456-a9d4-47a0-b010-40bd99cbd7e8","USER_28","Player_28",493,17,2,0,False,"exit",1,"2026-03-30 00:31:19.187707","0.6085192697768763","0.05555555555555555","0.4","0.3383705206220419"
"c61ae85f-43a0-4338-af53-37e820a0395d","USER_14","Player_14",477,2,3,0,False,"exit",1,"2026-03-30 02:47:12.941725","0.6289308176100629","0.3333333333333333","0.6","0.5257861635220126"
"58e8deb3-62a6-48b0-ba7c-e09d3a366643","USER_5","Player_5",287,40,3,0,False,"exit",1,"2026-03-30 03:36:00.53186","1","0.024390243902439025","0.6","0.5073170731707317"
"8a62db1f-58fb-4693-8b59-f9a01650073f","USER_41","Player_41",612,7,2,0,False,"exit",1,"2026-03-30 03:58:08.550755","0.196","0.86","0.4","0.4853"
"6d0ff651-0832-485f-bccf-8fb5bb593deb","USER_8","Player_8",690,45,1,0,False,"failed",1,"2026-03-30 05:59:27.352001","0.085","0.1","0.2","0.1283"
"7d2b997a-d2bf-44b3-9439-921e746b660a","USER_27","Player_27",288,41,2,0,False,"failed",1,"2026-03-30 06:03:36.407453","1","0.023809523809523808","0.4","0.40714285714285714"
"c312e713-19f4-4069-a1af-1192276f4c57","USER_7","Player_7",611,11,2,0,False,"exit",1,"2026-03-30 10:31:29.85338","0.1963","0.78","0.4","0.4588"
"63b913b8-6c35-4773-a369-03c2de1e131e","USER_38","Player_38",129,2,5,1,True,"summit",1,"2026-03-30 11:01:14.048801","1","0.3333333333333333","1","0.8"
"1fdac793-301c-4e37-98fd-95a90b86d0a7","USER_14","Player_14",414,80,5,1,True,"summit",1,"2026-03-30 12:17:29.92976","0.7246376811594203","0.012345679012345678","1","0.6486312399355878"
"1b64869d-1fe5-4210-9cf3-2c59b86613ec","USER_7","Player_7",322,20,4,0,False,"exit",1,"2026-03-30 12:28:08.187323","0.5853","0.6","0.8","0.6618"
"d0d6cc39-8260-4208-b56a-545c73c7b20e","USER_1","Player_1",63,25,3,0,False,"failed",1,"2026-03-30 14:48:28.756956","0.5685","0.5","0.6","0.5562"
"a214de8e-77a4-4652-8698-1d27cc20ac8b","USER_28","Player_28",494,1,4,0,False,"failed",1,"2026-03-30 19:01:04.727365","0.6072874493927125","0.5","0.8","0.6714574898785425"
"e5e61a3f-36e4-47a1-9f34-f3464af0f234","USER_18","Player_18",132,19,2,0,False,"exit",1,"2026-03-30 21:27:45.274042","1","0.05","0.4","0.415"
"c5eedc48-b524-4e3b-ae14-0415cee8a2e6","USER_37","Player_37",348,3,4,0,False,"failed",1,"2026-03-31 00:45:40.01359","0.8620689655172413","0.25","0.8","0.6474137931034483"
"1cfdefd4-b886-4126-9ad7-80de63c29dbd","USER_46","Player_46",375,9,5,1,True,"summit",1,"2026-03-31 01:02:19.110346","0.8","0.1","1","0.69"
"c84275c9-8cf3-456c-9949-a3da6ed11401","USER_42","Player_42",552,13,1,0,False,"exit",1,"2026-03-31 09:09:25.566611","0.108","0.74","0.2","0.3493"
"ffe66d85-e623-4f02-9bd8-bfc2c1c3a816","USER_4","Player_4",205,4,1,0,False,"exit",1,"2026-03-31 09:09:47.100901","0.1658","0.92","0.2","0.4286"
"2259cd3a-a275-47cb-a4c4-b2814e89ba41","USER_35","Player_35",545,18,1,0,False,"exit",1,"2026-03-31 19:59:18.28222","0.1092","0.64","0.2","0.3164"
"3df78781-db21-4d04-9c09-9c5e25800a4b","USER_40","Player_40",241,22,4,0,False,"exit",1,"2026-04-01 04:03:42.406822","0.6393","0.56","0.8","0.6664"
"a04b7a59-b637-4a5f-aa89-6878182dc8fa","USER_2","Player_2",567,43,5,1,True,"summit",1,"2026-04-01 15:19:07.360781","0.5275","0.14","1","0.5558"
"abadac79-a702-4636-9706-e77c765f5e36","USER_27","Player_27",599,24,3,0,False,"exit",1,"2026-04-01 18:01:38.042571","0.3005","0.52","0.6","0.4735"
"5722a42a-4a7d-4977-95be-98e4763e8306","USER_42","Player_42",215,18,4,0,False,"exit",1,"2026-04-01 18:17:29.623521","0.6567","0.64","0.8","0.6989"
"7324ada7-7609-4131-b706-d89e9809a870","USER_45","Player_45",1160,9,4,0,False,"unknown",1,"2026-04-01 19:30:49.442543","0.0267","0.82","0.8","0.5489"
"28a41f11-cc19-4b9f-91b3-3cf7b3276987","USER_22","Player_22",342,19,3,0,False,"exit",1,"2026-04-01 21:34:52.471377","0.429","0.62","0.6","0.5497"
"16ea6090-0e6b-4378-914e-a219b5ac0cd0","10876608988","simplybren_40",217,8,4,0,False,"exit",1,"2026-04-01 23:27:43.278071","0.6553","0.84","0.8","0.7651"
"0ac4c781-fab4-4d6f-a1b4-77032100c442","USER_20","Player_20",797,5,5,1,True,"summit",1,"2026-04-02 09:56:36.195732","0.3358","0.9","1","0.7453"
"d6618312-abb3-474f-b040-de274f5e9603","USER_44","Player_44",773,10,5,1,True,"summit",1,"2026-04-02 12:07:06.965789","0.3558","0.8","1","0.7186"
"f99ed4c1-079e-4913-b129-1781d96caede","USER_7","Player_7",684,10,4,0,False,"exit",1,"2026-04-02 20:28:08.891239","0.344","0.8","0.8","0.648"
"f8e308d0-0b4e-417a-babe-739d628f2565","USER_20","Player_20",545,25,2,0,False,"failed",1,"2026-04-03 19:38:13.621142","0.2183","0.5","0.4","0.3728"
"c2003e5a-b391-4b8d-90b2-ca2762c44d05","3257447993","Clamsxeny",144,7,5,1,True,"summit",1,"2026-04-04 15:17:30.770693","0.88","0.86","1","0.9133"
"945d4fb3-3a7b-481c-8db0-55e7bbb28c5f","USER_3","Player_3",368,39,3,0,False,"failed",1,"2026-04-05 08:14:35.668429","0.416","0.22","0.6","0.412"
"46384edc-21f0-4905-a4c3-66ab11e8d083","USER_15","Player_15",335,10,4,0,False,"exit",1,"2026-04-05 10:14:36.444479","0.5767","0.8","0.8","0.7256"
"98e9ee37-d7de-4cef-a095-d19056a62448","USER_46","Player_46",981,21,3,0,False,"unknown",1,"2026-04-05 16:06:53.04701","0.1095","0.58","0.6","0.4298"
"6f02c240-d279-4b09-a232-1e379727a4b2","USER_39","Player_39",422,8,4,0,False,"exit",1,"2026-04-06 02:04:29.124812","0.5187","0.84","0.8","0.7196"
"6dc3699c-5090-401d-b748-657e99292e97","10876608988","simplybren_40",484,17,2,0,False,"exit",1,"2026-04-07 01:25:47.050883","0.2387","0.66","0.4","0.4329"
"96acaa99-2c49-42e0-aeb9-1b1fef6f1580","USER_27","Player_27",505,21,2,0,False,"exit",1,"2026-04-07 18:43:16.387724","0.2317","0.58","0.4","0.4039"
"1b9db2f3-4077-4d51-8724-82c00c4115d3","USER_41","Player_41",295,11,1,0,False,"exit",1,"2026-04-07 21:51:49.043903","0.1508","0.78","0.2","0.3769"
"736eb25c-e20e-4803-95fe-e54e30d7175a","USER_44","Player_44",964,17,5,1,True,"summit",1,"2026-04-08 21:27:55.575805","0.1967","0.66","1","0.6189"
"b7fdc5c3-bcd1-450e-933a-d09b16ae2181","USER_26","Player_26",306,47,5,1,True,"summit",1,"2026-04-09 04:10:26.241204","0.745","0.06","1","0.6017"
"36f7537d-ab7f-4b84-a945-7eda8244de1c","USER_16","Player_16",459,21,1,0,False,"exit",1,"2026-04-09 13:19:57.11487","0.1235","0.58","0.2","0.3012"
"49dadb74-ddc8-4ca8-b890-30c072b3e3ee","USER_9","Player_9",88,10,3,0,False,"exit",1,"2026-04-10 02:21:50.323984","0.556","0.8","0.6","0.652"
"8dcb9ac9-d806-4b1c-aed4-263f044ad784","USER_24","Player_24",616,17,4,0,False,"exit",1,"2026-04-10 06:28:28.825751","0.3893","0.66","0.8","0.6164"
"414b9281-7219-4434-8d58-481f1e2c22ad","USER_7","Player_7",780,8,4,0,False,"exit",1,"2026-04-10 21:58:21.510652","0.28","0.84","0.8","0.64"
"2e9d4f36-af90-4477-8f49-934809e7aa07","USER_42","Player_42",490,25,5,1,True,"summit",1,"2026-04-11 00:33:50.98679","0.5917","0.5","1","0.6972"
"bd1e9adc-1ae1-4502-af9b-314d4ad9d2d0","USER_10","Player_10",142,46,3,0,False,"failed",1,"2026-04-11 20:52:36.894121","0.529","0.08","0.6","0.403"
"de416129-7957-41f0-bb23-07f06827be75","USER_15","Player_15",561,14,4,0,False,"exit",1,"2026-04-12 18:53:26.123304","0.426","0.72","0.8","0.6487"
"2fbc894c-2e64-403e-a3b5-5cb26718a4e4","USER_4","Player_4",633,16,5,1,True,"summit",1,"2026-04-12 20:14:30.428576","0.4725","0.68","1","0.7175"
"936674ab-27aa-478e-9313-58dadce68cb0","USER_36","Player_36",735,10,3,0,False,"exit",1,"2026-04-13 05:52:12.310589","0.2325","0.8","0.6","0.5442"
"c422bc75-727e-41ee-b4a1-1d4b35894065","3257447993","Clamsxeny",363,24,4,0,False,"exit",1,"2026-04-13 15:56:30.422137","0.558","0.52","0.8","0.626"
"97e21396-28c2-4e99-a281-ca49f7e699c3","USER_4","Player_4",675,22,3,0,False,"exit",1,"2026-04-13 18:04:10.017524","0.2625","0.56","0.6","0.4742"
"759bfb9c-ef89-4188-a3ad-a817504577d4","USER_26","Player_26",583,23,2,0,False,"exit",1,"2026-04-13 18:40:17.345909","0.2057","0.54","0.4","0.3819"
"9b1f3b95-c9b2-48e1-b4fd-55861c03e485","USER_9","Player_9",317,7,5,1,True,"summit",1,"2026-04-13 22:19:35.517667","0.7358","0.86","1","0.8653"
"e4036789-7008-4918-87c4-74225ee5b3a3","USER_4","Player_4",418,9,4,0,False,"exit",1,"2026-04-14 14:30:39.44195","0.5213","0.82","0.8","0.7138"
"d24ef4b4-54ad-462f-a09d-de348dc584de","USER_50","Player_50",184,10,4,0,False,"exit",1,"2026-04-14 17:44:36.055429","0.6773","0.8","0.8","0.7591"
"7ffd38a5-89a3-4b0c-9072-0c8351e0b4e8","USER_45","Player_45",69,19,5,1,True,"summit",1,"2026-04-15 09:34:02.867613","0.9425","0.62","1","0.8542"
"1bdfbeca-6c98-4af5-a9a7-8ff5a8f83d34","USER_6","Player_6",994,11,3,0,False,"unknown",1,"2026-04-15 15:50:57.745635","0.103","0.78","0.6","0.4943"
"8d583391-d245-4eec-90c1-6ac17a6dcbc7","USER_4","Player_4",403,4,3,0,False,"exit",1,"2026-04-15 17:25:20.786173","0.3985","0.92","0.6","0.6395"
"a921b21a-dbbf-4a9e-9f21-a09f0d35541e","USER_48","Player_48",209,8,4,0,False,"exit",1,"2026-04-17 09:33:52.451332","0.6607","0.84","0.8","0.7669"
"22e7bd36-5714-4fbe-971b-61992637a1f4","USER_17","Player_17",314,19,1,0,False,"exit",1,"2026-04-17 11:06:16.478231","0.1477","0.62","0.2","0.3226"
"0c9886b4-b87b-44c2-afc9-a056789ab1a5","USER_10","Player_10",588,1,4,0,False,"exit",1,"2026-04-17 14:13:42.09807","0.408","0.98","0.8","0.7293"
"c8df9ddc-5651-4f8e-8650-bc5249d03363","USER_12","Player_12",285,6,2,0,False,"exit",1,"2026-04-17 19:46:36.76402","0.305","0.88","0.4","0.5283"
"333d6a22-a670-4279-ab19-c6aedaed0f55","USER_21","Player_21",510,13,2,0,False,"exit",1,"2026-04-18 00:28:01.28473","0.23","0.74","0.4","0.4567"
"3130b9bf-10d4-4ef6-8f5e-493bf96e22d8","USER_7","Player_7",536,4,3,0,False,"exit",1,"2026-04-18 10:35:13.778232","0.332","0.92","0.6","0.6173"
"a167c3fa-d4d2-41ca-b595-23a526bc96e0","USER_22","Player_22",448,9,3,0,False,"exit",1,"2026-04-19 04:01:23.739171","0.376","0.82","0.6","0.5987"
"22ebe9db-45d6-4a9d-a857-15b05c2dc6ef","USER_10","Player_10",94,18,3,0,False,"exit",1,"2026-04-19 21:53:14.400474","0.553","0.64","0.6","0.5977"
"327d2520-7c86-4940-913c-4b4d3ea9ae5b","USER_16","Player_16",451,17,4,0,False,"exit",1,"2026-04-20 09:20:54.056343","0.4993","0.66","0.8","0.6531"
"15433c88-f5d8-4065-a2f6-090c5da90962","USER_49","Player_49",399,22,2,0,False,"exit",1,"2026-04-20 15:30:13.956896","0.267","0.56","0.4","0.409"
"f7370604-70ba-427b-bdea-1488c02c2600","USER_37","Player_37",643,0,4,0,False,"exit",1,"2026-04-20 22:35:18.483126","0.3713","1","0.8","0.7238"
"0adaac28-884c-454d-84ac-fa028c5f59c0","USER_22","Player_22",456,19,1,0,False,"exit",1,"2026-04-21 05:03:39.210456","0.124","0.62","0.2","0.3147"
"1e2fb5b5-8f1c-4cfb-8ebf-b6db42bbe640","USER_48","Player_48",894,11,5,1,True,"summit",1,"2026-04-21 17:22:57.376035","0.255","0.78","1","0.6783"
"f166a175-d9f2-4c9b-bf7c-53fa594e7b07","USER_29","Player_29",741,16,1,0,False,"exit",1,"2026-04-22 04:07:48.482633","0.0765","0.68","0.2","0.3188"
"960bf4c6-7bf6-482b-b489-13f7d0b350ee","USER_31","Player_31",634,30,4,0,False,"failed",1,"2026-04-22 10:27:41.613623","0.3773","0.4","0.8","0.5258"
"108d5121-ca91-4c8c-bea4-b7568a63d072","USER_44","Player_44",452,7,3,0,False,"exit",1,"2026-04-22 20:18:58.924994","0.374","0.86","0.6","0.6113"
"5fc8a813-f1a5-4d45-b5c6-0155b7039b8b","USER_11","Player_11",273,23,4,0,False,"exit",1,"2026-04-22 21:38:28.125702","0.618","0.54","0.8","0.6527"
"974446db-74a9-45dc-a7af-a859044e495d","3257447993","Clamsxeny",63,0,0,0,False,"exit",1,"2026-04-22 23:56:09","1","1","0","0.5"
"98446bed-1f15-4f73-84b7-86bb7fcc25e2","3257447993","Clamsxeny",0,0,0,0,False,"exit",1,"2026-04-22 23:57:00","0","0","0","0"
"9e585fcf-4c65-4649-bb6c-e4e524a4e647","USER_32","Player_32",109,22,1,0,False,"exit",1,"2026-04-23 04:24:27.897926","0.1818","0.56","0.2","0.3139"
"41d71ef5-7d81-4ce4-8d13-5544276eed65","USER_49","Player_49",176,6,4,0,False,"exit",1,"2026-04-23 19:56:10.827597","0.6827","0.88","0.8","0.7876"
"e862b960-ba4a-4511-9294-8f60b483980d","USER_1","Player_1",360,7,5,1,True,"summit",1,"2026-04-23 22:51:30.485692","0.7","0.86","1","0.8533"
"2084d3a0-d6c1-4079-92b4-b5f474ee3ade","USER_32","Player_32",801,50,3,0,False,"failed",1,"2026-04-24 07:06:57.603656","0.1995","0","0.6","0.2665"
"8aec8e85-6e34-4363-97b5-5ae0f9c4d17a","USER_14","Player_14",115,10,1,0,False,"exit",1,"2026-04-24 13:35:07.233727","0.1808","0.8","0.2","0.3936"
"0a26f762-c94c-4cd3-a5da-dcea60a17669","USER_21","Player_21",574,10,4,0,False,"exit",1,"2026-04-24 13:49:32.570442","0.4173","0.8","0.8","0.6724"
"819c25b9-010c-4c2e-8cfc-e8bee13cda42","USER_21","Player_21",288,7,5,1,True,"summit",1,"2026-04-24 18:39:39.553066","0.76","0.86","1","0.8733"
"d9530bab-6133-4555-937a-2a4d582d9443","USER_29","Player_29",489,6,3,0,False,"exit",1,"2026-04-25 00:37:32.863133","0.3555","0.88","0.6","0.6118"
"fcffc74f-78ab-45d3-93b2-f64161a588a6","USER_22","Player_22",342,9,3,0,False,"exit",1,"2026-04-25 02:41:33.28517","0.429","0.82","0.6","0.6163"
"3870ceae-1d42-4466-89c8-f94bb5efe0de","USER_39","Player_39",108,2,2,0,False,"exit",1,"2026-04-25 04:47:17.963508","0.364","0.96","0.4","0.5747"
"51f89a92-951b-4795-b5e2-71a060a43d40","USER_11","Player_11",299,17,4,0,False,"exit",1,"2026-04-25 05:28:01.700888","0.6007","0.66","0.8","0.6869"
"27692373-e87a-4ed9-a99d-387d7d5b780d","USER_35","Player_35",982,5,4,0,False,"unknown",1,"2026-04-25 08:01:53.36464","0.1453","0.9","0.8","0.6151"
"654dbc0a-ce3e-4af8-82b9-ae182e2832fb","3257447993","Clamsxeny",0,0,0,0,False,"exit",1,"2026-04-25 22:17:11","0","0","0","0"
"c0ea09e4-8aa5-4a11-81ee-16b4ed908932","3257447993","Clamsxeny",1116,12,4,0,False,"unknown",1,"2026-04-25 22:17:44.063549","0.056","0.76","0.8","0.5387"
"286148f5-3806-4c61-93ec-14872ac2cd37","3257447993","Clamsxeny",0,0,0,0,False,"exit",1,"2026-04-25 22:21:28","0","0","0","0"
"a0a30a44-d717-439d-9afe-c1eb3f680320","3257447993","Clamsxeny",0,0,0,0,False,"exit",1,"2026-04-25 22:23:47","0","0","0","0"
"98c1ac2d-b98a-4688-9c72-507bc81a523c","3257447993","Clamsxeny",0,0,0,0,False,"exit",1,"2026-04-25 22:25:27","0","0","0","0"
"e5b481ed-cc9b-49e7-a108-4cc20fa97225","3257447993","Clamsxeny",0,0,0,0,False,"exit",1,"2026-04-25 22:29:28","0","0","0","0"
"26e10b61-9790-48c0-ab1b-09086600db8b","3257447993","Clamsxeny",6,0,0,0,False,"unknown",1,"2026-04-25 22:35:06","1","1","0","0.5"
"2d33b207-6249-49cc-86cb-36b9e1ab867d","3257447993","Clamsxeny",0,0,0,0,False,"exit",1,"2026-04-25 22:36:13","0","0","0","0"
"0b1d44d5-fe59-4dbe-950f-70f9694e1c6f","3257447993","Clamsxeny",29,0,0,0,False,"exit",1,"2026-04-25 22:39:00","1","1","0","0.5"
"d967d2ca-57bb-4c7e-9bc4-44a1ce15de63","3257447993","Clamsxeny",39,1,1,0,False,"unknown",1,"2026-04-25 22:45:39","1","0.5","0.2","0.45"
"fd14bf8b-fd62-48a0-988f-f65067877ffb","3257447993","Clamsxeny",0,0,0,0,False,"exit",1,"2026-04-25 22:48:14","0","0","0","0"
"b623e316-832d-454a-b885-11e50bc9c0a7","3257447993","Clamsxeny",146,0,1,0,False,"exit",1,"2026-04-25 23:45:02","1","1","0.2","0.6"
"a26a7a5f-f4d3-45c8-9888-034e6a035117","3257447993","Clamsxeny",28,1,1,0,False,"exit",1,"2026-04-25 23:46:48","1","0.5","0.2","0.45"
"1b7911d8-e1e6-4790-ad0f-186f9ffa1c50","3257447993","Clamsxeny",6,0,1,0,False,"unknown",1,"2026-04-25 23:48:17","1","1","0.2","0.6"
"b1475d73-f1fa-4564-9c55-2120b55c15bf","3257447993","Clamsxeny",0,0,0,0,False,"exit",1,"2026-04-25 23:48:37","0","0","0","0"
"d12775aa-ff40-4832-b881-76c7aa3e5f02","3257447993","Clamsxeny",15,0,1,0,False,"exit",1,"2026-04-25 23:49:53","1","1","0.2","0.6"
"56171327-2056-44f0-83b5-6e455bc76fce","3257447993","Clamsxeny",73,0,1,0,False,"exit",1,"2026-04-25 23:56:59","1","1","0.2","0.6"
"60083a08-caac-45d3-a01c-ce026e1c0c59","3257447993","Clamsxeny",36,0,1,0,False,"exit",1,"2026-04-26 00:07:21","1","1","0.2","0.6"
"0719b0a7-2edb-4ac9-8982-c7c867fb71c4","3257447993","Clamsxeny",48,1,1,0,False,"exit",1,"2026-04-26 00:09:54","1","0.5","0.2","0.45"
"2da94995-0870-4bd2-9f59-c7164d2cab72","3257447993","Clamsxeny",66,3,2,0,False,"exit",1,"2026-04-26 00:29:19","1","0.25","0.4","0.475"
"28443989-2648-486b-86c4-56ab8ab05129","3257447993","Clamsxeny",9,0,1,0,False,"exit",1,"2026-04-26 00:29:47","1","1","0.2","0.6"
"ba9c6fae-e25d-4d5a-b087-88fbccc86d41","3257447993","Clamsxeny",10,1,1,0,False,"exit",1,"2026-04-26 00:32:12","1","0.5","0.2","0.45"
"b9476183-fe2e-40b8-aa09-3c19290cbe19","3257447993","Clamsxeny",12,1,0,0,False,"exit",1,"2026-04-26 00:47:36","1","0.5","0","0.35"
"8f225123-1c04-46e8-ac5c-3855ab2d9057","3257447993","Clamsxeny",97,1,0,0,False,"exit",1,"2026-04-26 00:49:44","1","0.5","0","0.35"
"6b7128b6-cc7c-4507-b97b-3224997192df","3257447993","Clamsxeny",53,2,2,0,False,"exit",1,"2026-04-26 01:03:24","1","0.3333333333333333","0.4","0.5"
"d3d71ae5-63ba-41a8-806a-5b523c4f5375","3257447993","Clamsxeny",43,1,4,0,False,"exit",1,"2026-04-26 01:05:42","1","0.5","0.8","0.75"
"0b07d1e8-1c22-4edd-acf8-4bcef19c832b","3257447993","Clamsxeny",101,1,4,0,False,"exit",1,"2026-04-26 01:21:41","1","0.5","0.8","0.75"
"d9b4f76b-3913-4de8-805c-131ef4828ebc","3257447993","Clamsxeny",34,0,4,1,True,"summit",1,"2026-04-26 01:22:42","1","1","0.8","0.9"
"74488987-419d-4f4a-91ad-d1cc5e9e59f0","3257447993","Clamsxeny",10,0,5,0,False,"unknown",1,"2026-04-26 01:32:42","1","1","1","1"
"1bcaa6e3-829b-4eed-8e77-e632f7b364f5","3257447993","Clamsxeny",31,0,2,0,False,"exit",1,"2026-04-26 01:34:14","1","1","0.4","0.7"
"66f6cc5f-6272-4a84-961f-2e0546cece56","3257447993","Clamsxeny",38,0,3,0,False,"exit",1,"2026-04-26 01:35:11","1","1","0.6","0.8"
"bc199f3b-711e-40ee-8460-bf4022639962","3257447993","Clamsxeny",9,0,3,0,False,"exit",1,"2026-04-26 01:36:23","1","1","0.6","0.8"
"f5f35eed-afdd-4cf0-ad77-ecd3dbaedf12","3257447993","Clamsxeny",9,0,3,0,False,"unknown",1,"2026-04-26 01:37:12","1","1","0.6","0.8"
"bd3f7dda-adb1-439f-98fd-c2e5ae8714c4","3257447993","Clamsxeny",112,1,4,1,True,"summit",1,"2026-04-26 01:39:46","1","0.5","0.8","0.75"
"bb505854-5916-49a8-b2b4-62e5ccd3f5da","3257447993","Clamsxeny",8,0,5,0,False,"exit",1,"2026-04-26 01:41:01","1","1","1","1"
"3b33f609-3b3e-43d3-84a2-08c9e138bd1a","3257447993","Clamsxeny",8,0,5,0,False,"exit",1,"2026-04-26 01:52:02","1","1","1","1"
"4ccbe216-ea62-4128-88c8-931a4d715125","3257447993","Clamsxeny",3,0,5,0,False,"unknown",1,"2026-04-26 01:52:38","1","1","1","1"
"2b878b0e-a334-45e4-890f-0ce928e1191b","3257447993","Clamsxeny",107,0,5,1,True,"summit",1,"2026-04-26 01:55:28","1","1","1","1"
"a80532f9-fc61-4a9c-a7ed-bbecda5f22f9","10876608988","simplybren_40",355,9,1,0,False,"exit",1,"2026-04-26 12:56:29.083162","0.1408","0.82","0.2","0.3869"
"0124e289-a7f1-41ea-90a4-1d2560f627cf","USER_30","Player_30",850,13,2,0,False,"exit",1,"2026-04-26 21:46:52.519145","0.1167","0.74","0.4","0.4189"
"9f07799f-0c1a-4653-bc59-878739856e37","USER_7","Player_7",220,19,1,0,False,"exit",1,"2026-04-26 23:13:04.623031","0.1633","0.62","0.2","0.3278"
"4cd42005-90d0-4a0d-b4fd-75784600cf37","USER_15","Player_15",528,12,3,0,False,"exit",1,"2026-04-27 06:22:13.005856","0.336","0.76","0.6","0.5653"
"521130e6-6c33-40e6-89e1-21ef4a71006b","USER_31","Player_31",350,8,3,0,False,"exit",1,"2026-04-27 06:42:20.190233","0.425","0.84","0.6","0.6217"
"c9782cdf-a621-4a1b-bb29-b542bad6b1d9","USER_34","Player_34",436,20,3,0,False,"exit",1,"2026-04-27 22:54:29.329402","0.382","0.6","0.6","0.5273"
"eea90e5a-ef4f-496d-9775-723e178fd5a8","USER_45","Player_45",648,2,4,0,False,"exit",1,"2026-04-27 23:27:46.779598","0.368","0.96","0.8","0.7093"
"f06faf7a-e9c7-4b0e-bdea-7a3048d0d745","3257447993","Clamsxeny",42,2,2,0,False,"exit",1,"2026-04-27 23:33:47","1","0.3333333333333333","0.4","0.5"
"efa76d77-ac38-440f-93fb-2543dfcef672","3257447993","Clamsxeny",113,1,3,0,False,"exit",1,"2026-04-27 23:35:51","1","0.5","0.6","0.65"
"54ce8b31-cfa4-4b06-be34-d6bcdd07f1bb","10876608988","simplybren_40",1307,55,5,1,True,"summit",1,"2026-04-28 00:41:21","0.22953328232593725","0.017857142857142856","1","0.5512637993223303"
"8ef455e5-2b6b-4c93-bee1-9550f3ae7139","USER_16","Player_16",499,36,4,0,False,"failed",1,"2026-04-28 14:16:30.013898","0.4673","0.28","0.8","0.5158"
"c6d7806d-92e8-44eb-930d-afb524422b17","USER_27","Player_27",667,13,2,0,False,"exit",1,"2026-04-28 17:31:00.465371","0.1777","0.74","0.4","0.4392"
"f658c353-e2f1-47eb-ac60-743a13b23357","USER_19","Player_19",376,20,4,0,False,"exit",1,"2026-04-28 20:09:12.181144","0.5493","0.6","0.8","0.6498"
"a47edc13-4ebf-45f5-af6c-dbdb4b723787","USER_46","Player_46",136,4,4,0,False,"exit",1,"2026-04-28 21:45:39.341807","0.7093","0.92","0.8","0.8098"
"bdbe7bdd-749e-4b96-aa0a-28f4bb08664d","USER_38","Player_38",179,2,3,0,False,"exit",1,"2026-04-29 09:16:01.813608","0.5105","0.96","0.6","0.6902"
"feef8c29-bb83-4624-9545-2419183570f1","USER_14","Player_14",779,1,1,0,False,"exit",1,"2026-04-29 13:41:52.618175","0.0702","0.98","0.2","0.4167"
"17df05d0-0adb-4dce-9b82-468f06abbdb3","10876608988","simplybren_40",1179,30,5,1,True,"summit",1,"2026-04-30 01:22:54","0.2544529262086514","0.03225806451612903","1","0.560568004596569"
"f8559b4f-4336-4262-a132-73f25278cfbb","USER_46","Player_46",599,8,5,1,True,"summit",1,"2026-04-30 08:53:47.479013","0.5008","0.84","1","0.7803"
"76919331-3783-4a43-88b8-978e4917347f","USER_48","Player_48",505,24,4,0,False,"exit",1,"2026-04-30 09:46:24.807713","0.4633","0.52","0.8","0.5944"
"3c8046e9-ecc6-40ae-b4d3-4f2b293cbddd","USER_26","Player_26",474,20,1,0,False,"exit",1,"2026-04-30 09:57:32.592581","0.121","0.6","0.2","0.307"
"15893b2b-45f1-485d-b898-b8d148912ac1","USER_3","Player_3",450,7,5,1,True,"summit",1,"2026-04-30 10:28:33.398042","0.625","0.86","1","0.8283"
"eb176bca-9237-4819-91d2-760055d354ba","USER_22","Player_22",530,7,4,0,False,"exit",1,"2026-04-30 17:43:37.433011","0.4467","0.86","0.8","0.7022"
"6bd8f910-ced3-4ab5-aa12-1053f197759a","USER_2","Player_2",818,28,4,0,False,"failed",1,"2026-05-01 04:43:15.842425","0.2547","0.44","0.8","0.4982"
"e415e9bb-19af-4c84-b029-b0715f9f56f7","USER_9","Player_9",461,26,3,0,False,"failed",1,"2026-05-01 06:38:19.118454","0.3695","0.48","0.6","0.4832"
"2bce5ae2-b2f3-4450-be80-b9c9f85d7b69","USER_46","Player_46",978,9,3,0,False,"unknown",1,"2026-05-01 08:38:29.272275","0.111","0.82","0.6","0.5103"
"8250f321-9d49-4eef-b0a3-26c4b85bb9ac","USER_10","Player_10",824,17,2,0,False,"exit",1,"2026-05-01 19:22:14.975543","0.1253","0.66","0.4","0.3951"
"ee2da9dc-96bf-4022-b58c-7713c3aaffd8","USER_40","Player_40",71,0,4,0,False,"exit",1,"2026-05-01 20:13:20.482936","0.7527","1","0.8","0.8509"
"7239f79e-4108-4b38-9a0c-1d77beeb9b99","3257447993","Clamsxeny",541,19,5,1,True,"summit",1,"2026-05-02 15:39:19.249864","0.5492","0.62","1","0.7231"
"59bb0b59-e5b9-4e8e-aec9-7e85c763293a","10876608988","simplybren_40",623,4,4,0,False,"exit",1,"2026-05-02 16:02:34.079521","0.3847","0.92","0.8","0.7016"
"f7982b6b-5223-4b62-b717-c39a538cc573","USER_19","Player_19",564,2,3,0,False,"exit",1,"2026-05-03 01:13:21.351628","0.318","0.96","0.6","0.626"
"316f99a1-188f-4c64-a195-6e9a625e4f42","USER_45","Player_45",112,10,4,0,False,"exit",1,"2026-05-03 03:53:55.204411","0.7253","0.8","0.8","0.7751"
"f30ea694-7b4f-4fe5-85fe-62d9d78d13c5","USER_22","Player_22",96,3,2,0,False,"exit",1,"2026-05-03 05:40:50.505588","0.368","0.94","0.4","0.5693"
"2fda8467-4aeb-44f2-a283-e9dfa0ac9f63","USER_21","Player_21",711,7,4,0,False,"exit",1,"2026-05-03 06:35:00.286729","0.326","0.86","0.8","0.662"
"2266a379-fb11-4362-a0cc-058987548b93","USER_1","Player_1",682,10,5,1,True,"summit",1,"2026-05-03 14:26:11.470471","0.4317","0.8","1","0.7439"
"02845262-4ced-4018-90a3-6ef1b7a436ad","USER_40","Player_40",766,18,2,0,False,"exit",1,"2026-05-03 14:45:29.475963","0.1447","0.64","0.4","0.3949"
"e61cd185-7b1e-466d-95de-a24403af333d","USER_3","Player_3",435,19,3,0,False,"exit",1,"2026-05-03 18:35:40.449607","0.3825","0.62","0.6","0.5342"
"d87bb60f-5192-43e0-bd16-c3a38b761545","USER_20","Player_20",540,11,3,0,False,"exit",1,"2026-05-04 08:40:39.507643","0.33","0.78","0.6","0.57"
"51175b8d-7895-4456-8aee-4d64757b774e","USER_2","Player_2",169,11,4,0,False,"exit",1,"2026-05-04 10:27:19.285672","0.6873","0.78","0.8","0.7558"
"c3113a15-d8be-4251-94ae-14e0c3338675","USER_2","Player_2",336,1,3,0,False,"exit",1,"2026-05-04 18:47:03.537374","0.432","0.98","0.6","0.6707"
"8093fc25-7f0b-43b4-bfdc-e7e21ac71b92","USER_33","Player_33",1175,6,4,0,False,"unknown",1,"2026-05-04 19:07:07.81943","0.0167","0.88","0.8","0.5656"
"98bb2e43-b814-475f-8c63-8e077c2f1547","USER_27","Player_27",847,7,5,1,True,"summit",1,"2026-05-04 20:51:25.400786","0.2942","0.86","1","0.7181"
"2bde77f7-ad20-4daf-958e-f3bc7b29e8f4","USER_1","Player_1",940,20,5,1,True,"summit",1,"2026-05-05 09:25:23.982459","0.2167","0.6","1","0.6056"
"83244a50-da06-48b2-9f63-6cdb99f01491","USER_31","Player_31",929,19,3,0,False,"unknown",1,"2026-05-05 17:03:22.808812","0.1355","0.62","0.6","0.4518"
"cf357b1b-ddc7-44e1-8979-48274f4a9a06","USER_3","Player_3",181,50,2,0,False,"failed",1,"2026-05-06 13:24:55.215411","0.3397","0","0.4","0.2466"
"0fc41b71-bd48-42b3-bd4c-2b6087b1daf7","USER_33","Player_33",500,13,3,0,False,"exit",1,"2026-05-07 03:35:45.878652","0.35","0.74","0.6","0.5633"
"772a0046-46e4-41b1-90bc-ef0fd19eb8fa","USER_28","Player_28",335,25,4,0,False,"failed",1,"2026-05-07 12:28:28.197286","0.5767","0.5","0.8","0.6256"
"ad5cea1c-9fab-420a-a716-2df3fac7bc1a","3257447993","Clamsxeny",5,0,3,0,False,"unknown",1,"2026-05-07 14:20:15","1","1","0.6","0.8"
"53607192-f244-4a21-97b4-0df543c86b1a","3257447993","Clamsxeny",111,1,5,1,True,"summit",1,"2026-05-07 14:22:20","1","0.5","1","0.85"
"738efc33-c9cf-4aab-b521-55409014f3e4","USER_2","Player_2",343,3,2,0,False,"exit",1,"2026-05-08 09:38:45.229707","0.2857","0.94","0.4","0.5419"
"e24b0056-040b-46fe-98f3-5f8b7dee0b46","USER_23","Player_23",654,9,1,0,False,"exit",1,"2026-05-09 03:38:12.041987","0.091","0.82","0.2","0.3703"
"3938a823-8b36-49b3-a85f-c0cc7a8737e4","USER_30","Player_30",474,24,3,0,False,"exit",1,"2026-05-09 09:10:13.55519","0.363","0.52","0.6","0.4943"
"0b170b91-578a-4abd-8652-cdc538020c82","10876608988","simplybren_40",386,8,4,0,False,"exit",1,"2026-05-09 16:20:40.004552","0.5427","0.84","0.8","0.7276"
"68b42f71-109a-4abf-bddd-b4415b0ad968","USER_9","Player_9",250,4,3,0,False,"exit",1,"2026-05-09 23:10:31.491095","0.475","0.92","0.6","0.665"
"39efd110-fe3d-44e8-9c13-0461f496b03b","USER_31","Player_31",758,11,2,0,False,"exit",1,"2026-05-10 02:14:50.807245","0.1473","0.78","0.4","0.4424"
"2f4068d0-48b1-4f70-a4c9-151cd780fd6b","USER_14","Player_14",693,10,3,0,False,"exit",1,"2026-05-10 11:45:52.386398","0.2535","0.8","0.6","0.5512"
"5d45a76c-6935-41a2-9aea-2a19dd968baa","USER_29","Player_29",130,9,2,0,False,"exit",1,"2026-05-10 18:59:20.843898","0.3567","0.82","0.4","0.5256"
"611b073a-41ed-4445-972a-fde06bd54011","USER_7","Player_7",76,10,1,0,False,"exit",1,"2026-05-11 04:24:45.081819","0.1873","0.8","0.2","0.3958"
"d3ce0a58-5709-4a03-8363-425c31cb9493","USER_30","Player_30",1112,23,4,0,False,"unknown",1,"2026-05-11 13:19:18.609163","0.0587","0.54","0.8","0.4662"
"27cfd93a-b345-45f8-9d41-c6ae2f38be50","USER_43","Player_43",154,14,1,0,False,"exit",1,"2026-05-12 05:35:31.691781","0.1743","0.72","0.2","0.3648"
"cd34fba5-f52f-4fcd-b403-e75d5ee670da","USER_25","Player_25",441,22,2,0,False,"exit",1,"2026-05-12 19:17:11.57193","0.253","0.56","0.4","0.4043"
"64e2a2d3-5421-460d-9af5-7f4330e33809","3257447993","Clamsxeny",13,0,5,0,False,"exit",1,"2026-05-12 22:52:43","1","1","1","1"
"48a8f614-4f72-478e-a3ac-1a27f58c9ff5","3257447993","Clamsxeny",37,0,5,0,False,"unknown",1,"2026-05-12 22:55:06","1","1","1","1"
"d249b89c-1d87-4d51-8d8f-561c3361ee07","3257447993","Clamsxeny",108,2,5,1,True,"summit",1,"2026-05-12 23:10:02","1","0.3333333333333333","1","0.8"
"20a21dcd-3dbe-444b-8c20-7cf19ea3f017","3257447993","Clamsxeny",38,0,5,0,False,"exit",1,"2026-05-12 23:14:51","1","1","1","1"
"d88a0517-e010-403e-86c2-295b658f62f9","3257447993","Clamsxeny",5,0,5,0,False,"unknown",1,"2026-05-12 23:16:27","1","1","1","1"
"5fb0155f-8111-46b8-803d-d593a75ffc1d","3257447993","Clamsxeny",103,1,5,1,True,"summit",1,"2026-05-12 23:18:21","1","0.5","1","0.85"
"49d73d9c-cb18-4a12-a1a5-a0a1a75c816c","3257447993","Clamsxeny",126,2,5,1,True,"summit",1,"2026-05-12 23:27:43","1","0.3333333333333333","1","0.8"
"cd574f59-8d16-48b0-99d9-2c5ff7d79e91","3257447993","Clamsxeny",331,0,5,0,False,"exit",1,"2026-05-12 23:38:16","0.9063444108761329","1","1","0.9812688821752266"
"aaf84f6e-59e3-4b7e-8682-ee8a09d73cd4","3257447993","Clamsxeny",62,0,5,0,False,"exit",1,"2026-05-12 23:49:41","1","1","1","1"
